dst_name,subject,activity,trial,camera,frame_index,time_sec,src_path
0001_S01_A01_T02_C1_F000030.png,S01,1,T02,C1,30,1.516,"/scratch/21376026/UPFall/Subject1/Activity1/Trial2/Subject1Activity1Trial2Camera1/2018-07-04T12_04_39.227481.png"
0002_S01_A01_T02_C2_F000030.png,S01,1,T02,C2,30,1.516,"/scratch/21376026/UPFall/Subject1/Activity1/Trial2/Subject1Activity1Trial2Camera2/2018-07-04T12_04_39.227481.png"
0003_S01_A10_T01_C1_F000150.png,S01,10,T01,C1,150,8.328,"/scratch/21376026/UPFall/Subject1/Activity10/Trial1/Subject1Activity10Trial1Camera1/2018-07-04T12_22_19.024723.png"
0004_S01_A10_T01_C2_F000430.png,S01,10,T01,C2,430,24.16,"/scratch/21376026/UPFall/Subject1/Activity10/Trial1/Subject1Activity10Trial1Camera2/2018-07-04T12_22_34.857268.png"
0005_S01_A10_T02_C2_F000380.png,S01,10,T02,C2,380,21.975,"/scratch/21376026/UPFall/Subject1/Activity10/Trial2/Subject1Activity10Trial2Camera2/2018-07-04T12_23_09.638171.png"
0006_S01_A10_T03_C1_F000120.png,S01,10,T03,C1,120,6.891,"/scratch/21376026/UPFall/Subject1/Activity10/Trial3/Subject1Activity10Trial3Camera1/2018-07-04T12_23_39.604727.png"
0007_S01_A11_T01_C1_F000950.png,S01,11,T01,C1,950,53.978,"/scratch/21376026/UPFall/Subject1/Activity11/Trial1/Subject1Activity11Trial1Camera1/2018-07-04T12_25_13.864906.png"
0008_S01_A11_T01_C2_F000690.png,S01,11,T01,C2,690,38.908,"/scratch/21376026/UPFall/Subject1/Activity11/Trial1/Subject1Activity11Trial1Camera2/2018-07-04T12_24_58.794879.png"
0009_S01_A11_T03_C2_F001010.png,S01,11,T03,C2,1010,59.766,"/scratch/21376026/UPFall/Subject1/Activity11/Trial3/Subject1Activity11Trial3Camera2/2018-07-04T12_27_31.997431.png"
0010_S01_A02_T02_C1_F000040.png,S01,2,T02,C1,40,1.998,"/scratch/21376026/UPFall/Subject1/Activity2/Trial2/Subject1Activity2Trial2Camera1/2018-07-04T12_05_41.826518.png"
0011_S01_A02_T02_C2_F000030.png,S01,2,T02,C2,30,1.509,"/scratch/21376026/UPFall/Subject1/Activity2/Trial2/Subject1Activity2Trial2Camera2/2018-07-04T12_05_41.337155.png"
0012_S01_A03_T03_C1_F000019.png,S01,3,T03,C1,19,1.015,"/scratch/21376026/UPFall/Subject1/Activity3/Trial3/Subject1Activity3Trial3Camera1/2018-07-04T12_07_01.978733.png"
0013_S01_A03_T03_C2_F000019.png,S01,3,T03,C2,19,1.015,"/scratch/21376026/UPFall/Subject1/Activity3/Trial3/Subject1Activity3Trial3Camera2/2018-07-04T12_07_01.978733.png"
0014_S01_A04_T01_C2_F000028.png,S01,4,T01,C2,28,1.518,"/scratch/21376026/UPFall/Subject1/Activity4/Trial1/Subject1Activity4Trial1Camera2/2018-07-04T12_07_23.809529.png"
0015_S01_A04_T02_C1_F000020.png,S01,4,T02,C1,20,1.022,"/scratch/21376026/UPFall/Subject1/Activity4/Trial2/Subject1Activity4Trial2Camera1/2018-07-04T12_07_42.282808.png"
0016_S01_A05_T01_C2_F000019.png,S01,5,T01,C2,19,1.016,"/scratch/21376026/UPFall/Subject1/Activity5/Trial1/Subject1Activity5Trial1Camera2/2018-07-04T12_08_22.089222.png"
0017_S01_A05_T02_C1_F000018.png,S01,5,T02,C1,18,1.007,"/scratch/21376026/UPFall/Subject1/Activity5/Trial2/Subject1Activity5Trial2Camera1/2018-07-04T12_08_40.206000.png"
0018_S01_A05_T02_C2_F000018.png,S01,5,T02,C2,18,1.007,"/scratch/21376026/UPFall/Subject1/Activity5/Trial2/Subject1Activity5Trial2Camera2/2018-07-04T12_08_40.206000.png"
0019_S01_A06_T01_C1_F001010.png,S01,6,T01,C1,1010,53.227,"/scratch/21376026/UPFall/Subject1/Activity6/Trial1/Subject1Activity6Trial1Camera1/2018-07-04T12_10_16.647002.png"
0020_S01_A06_T02_C1_F001010.png,S01,6,T02,C1,1010,53.736,"/scratch/21376026/UPFall/Subject1/Activity6/Trial2/Subject1Activity6Trial2Camera1/2018-07-04T12_12_22.902658.png"
0021_S01_A06_T02_C2_F000110.png,S01,6,T02,C2,110,5.823,"/scratch/21376026/UPFall/Subject1/Activity6/Trial2/Subject1Activity6Trial2Camera2/2018-07-04T12_11_34.990089.png"
0022_S01_A06_T03_C2_F000730.png,S01,6,T03,C2,730,39.158,"/scratch/21376026/UPFall/Subject1/Activity6/Trial3/Subject1Activity6Trial3Camera2/2018-07-04T12_13_13.322674.png"
0023_S01_A07_T01_C1_F000160.png,S01,7,T01,C1,160,8.639,"/scratch/21376026/UPFall/Subject1/Activity7/Trial1/Subject1Activity7Trial1Camera1/2018-07-04T12_14_02.901170.png"
0024_S01_A07_T02_C1_F000500.png,S01,7,T02,C1,500,26.643,"/scratch/21376026/UPFall/Subject1/Activity7/Trial2/Subject1Activity7Trial2Camera1/2018-07-04T12_15_25.405380.png"
0025_S01_A07_T03_C1_F000470.png,S01,7,T03,C1,470,26.329,"/scratch/21376026/UPFall/Subject1/Activity7/Trial3/Subject1Activity7Trial3Camera1/2018-07-04T12_16_29.489080.png"
0026_S01_A07_T03_C2_F000520.png,S01,7,T03,C2,520,29.23,"/scratch/21376026/UPFall/Subject1/Activity7/Trial3/Subject1Activity7Trial3Camera2/2018-07-04T12_16_32.390920.png"
0027_S01_A08_T02_C1_F000019.png,S01,8,T02,C1,19,1.001,"/scratch/21376026/UPFall/Subject1/Activity8/Trial2/Subject1Activity8Trial2Camera1/2018-07-04T12_18_45.303460.png"
0028_S01_A08_T03_C2_F000028.png,S01,8,T03,C2,28,1.844,"/scratch/21376026/UPFall/Subject1/Activity8/Trial3/Subject1Activity8Trial3Camera2/2018-07-04T12_19_58.020582.png"
0029_S01_A09_T02_C2_F000010.png,S01,9,T02,C2,10,0.78,"/scratch/21376026/UPFall/Subject1/Activity9/Trial2/Subject1Activity9Trial2Camera2/2018-07-04T12_21_33.882223.png"
0030_S01_A09_T03_C1_F000080.png,S01,9,T03,C1,80,4.733,"/scratch/21376026/UPFall/Subject1/Activity9/Trial3/Subject1Activity9Trial3Camera1/2018-07-04T12_21_53.586739.png"
0031_S10_A01_T01_C1_F000028.png,S10,1,T01,C1,28,1.58,"/scratch/21376026/UPFall/Subject10/Activity1/Trial1/Subject10Activity1Trial1Camera1/2018-07-10T13_08_26.571076.png"
0032_S10_A01_T01_C2_F000028.png,S10,1,T01,C2,28,1.58,"/scratch/21376026/UPFall/Subject10/Activity1/Trial1/Subject10Activity1Trial1Camera2/2018-07-10T13_08_26.571076.png"
0033_S10_A10_T01_C1_F000060.png,S10,10,T01,C1,60,3.584,"/scratch/21376026/UPFall/Subject10/Activity10/Trial1/Subject10Activity10Trial1Camera1/2018-07-09T13_56_02.462137.png"
0034_S10_A10_T01_C2_F000250.png,S10,10,T01,C2,250,14.176,"/scratch/21376026/UPFall/Subject10/Activity10/Trial1/Subject10Activity10Trial1Camera2/2018-07-09T13_56_13.054085.png"
0035_S10_A10_T02_C1_F000470.png,S10,10,T02,C1,470,26.743,"/scratch/21376026/UPFall/Subject10/Activity10/Trial2/Subject10Activity10Trial2Camera1/2018-07-09T13_57_01.655414.png"
0036_S10_A10_T02_C2_F000050.png,S10,10,T02,C2,50,2.771,"/scratch/21376026/UPFall/Subject10/Activity10/Trial2/Subject10Activity10Trial2Camera2/2018-07-09T13_56_37.683900.png"
0037_S10_A10_T03_C2_F000300.png,S10,10,T03,C2,300,16.857,"/scratch/21376026/UPFall/Subject10/Activity10/Trial3/Subject10Activity10Trial3Camera2/2018-07-09T13_57_46.551013.png"
0038_S10_A11_T01_C1_F000150.png,S10,11,T01,C1,150,8.693,"/scratch/21376026/UPFall/Subject10/Activity11/Trial1/Subject10Activity11Trial1Camera1/2018-07-09T13_58_59.154993.png"
0039_S10_A11_T02_C1_F000460.png,S10,11,T02,C1,460,25.972,"/scratch/21376026/UPFall/Subject10/Activity11/Trial2/Subject10Activity11Trial2Camera1/2018-07-09T14_00_20.466157.png"
0040_S10_A11_T03_C1_F000040.png,S10,11,T03,C1,40,2.221,"/scratch/21376026/UPFall/Subject10/Activity11/Trial3/Subject10Activity11Trial3Camera1/2018-07-09T14_01_00.964219.png"
0041_S10_A11_T03_C2_F000440.png,S10,11,T03,C2,440,25.004,"/scratch/21376026/UPFall/Subject10/Activity11/Trial3/Subject10Activity11Trial3Camera2/2018-07-09T14_01_23.747847.png"
0042_S10_A02_T02_C1_F000029.png,S10,2,T02,C1,29,1.595,"/scratch/21376026/UPFall/Subject10/Activity2/Trial2/Subject10Activity2Trial2Camera1/2018-07-10T13_10_11.154171.png"
0043_S10_A02_T02_C2_F000029.png,S10,2,T02,C2,29,1.595,"/scratch/21376026/UPFall/Subject10/Activity2/Trial2/Subject10Activity2Trial2Camera2/2018-07-10T13_10_11.154171.png"
0044_S10_A03_T02_C1_F000019.png,S10,3,T02,C1,19,1.028,"/scratch/21376026/UPFall/Subject10/Activity3/Trial2/Subject10Activity3Trial2Camera1/2018-07-09T13_40_15.621918.png"
0045_S10_A03_T02_C2_F000019.png,S10,3,T02,C2,19,1.028,"/scratch/21376026/UPFall/Subject10/Activity3/Trial2/Subject10Activity3Trial2Camera2/2018-07-09T13_40_15.621918.png"
0046_S10_A04_T02_C2_F000029.png,S10,4,T02,C2,29,1.593,"/scratch/21376026/UPFall/Subject10/Activity4/Trial2/Subject10Activity4Trial2Camera2/2018-07-09T13_41_46.071436.png"
0047_S10_A04_T03_C1_F000019.png,S10,4,T03,C1,19,1.02,"/scratch/21376026/UPFall/Subject10/Activity4/Trial3/Subject10Activity4Trial3Camera1/2018-07-09T13_42_04.327292.png"
0048_S10_A05_T03_C1_F000029.png,S10,5,T03,C1,29,1.546,"/scratch/21376026/UPFall/Subject10/Activity5/Trial3/Subject10Activity5Trial3Camera1/2018-07-09T13_43_06.135772.png"
0049_S10_A05_T03_C2_F000029.png,S10,5,T03,C2,29,1.546,"/scratch/21376026/UPFall/Subject10/Activity5/Trial3/Subject10Activity5Trial3Camera2/2018-07-09T13_43_06.135772.png"
0050_S10_A06_T01_C1_F000930.png,S10,6,T01,C1,930,49.252,"/scratch/21376026/UPFall/Subject10/Activity6/Trial1/Subject10Activity6Trial1Camera1/2018-07-09T13_44_22.424002.png"
0051_S10_A06_T02_C1_F000710.png,S10,6,T02,C1,710,37.869,"/scratch/21376026/UPFall/Subject10/Activity6/Trial2/Subject10Activity6Trial2Camera1/2018-07-09T13_45_14.792025.png"
0052_S10_A06_T02_C2_F000620.png,S10,6,T02,C2,620,32.967,"/scratch/21376026/UPFall/Subject10/Activity6/Trial2/Subject10Activity6Trial2Camera2/2018-07-09T13_45_09.890004.png"
0053_S10_A06_T03_C2_F000780.png,S10,6,T03,C2,780,41.342,"/scratch/21376026/UPFall/Subject10/Activity6/Trial3/Subject10Activity6Trial3Camera2/2018-07-09T13_46_21.606906.png"
0054_S10_A07_T01_C1_F000810.png,S10,7,T01,C1,810,45.983,"/scratch/21376026/UPFall/Subject10/Activity7/Trial1/Subject10Activity7Trial1Camera1/2018-07-09T13_47_52.643463.png"
0055_S10_A07_T01_C2_F000600.png,S10,7,T01,C2,600,33.982,"/scratch/21376026/UPFall/Subject10/Activity7/Trial1/Subject10Activity7Trial1Camera2/2018-07-09T13_47_40.642934.png"
0056_S10_A08_T03_C1_F000018.png,S10,8,T03,C1,18,1.018,"/scratch/21376026/UPFall/Subject10/Activity8/Trial3/Subject10Activity8Trial3Camera1/2018-07-09T13_52_48.142065.png"
0057_S10_A08_T03_C2_F000018.png,S10,8,T03,C2,18,1.018,"/scratch/21376026/UPFall/Subject10/Activity8/Trial3/Subject10Activity8Trial3Camera2/2018-07-09T13_52_48.142065.png"
0058_S10_A09_T02_C1_F000080.png,S10,9,T02,C1,80,4.891,"/scratch/21376026/UPFall/Subject10/Activity9/Trial2/Subject10Activity9Trial2Camera1/2018-07-09T13_54_48.660678.png"
0059_S10_A09_T02_C2_F000030.png,S10,9,T02,C2,30,2.042,"/scratch/21376026/UPFall/Subject10/Activity9/Trial2/Subject10Activity9Trial2Camera2/2018-07-09T13_54_45.811670.png"
0060_S11_A01_T01_C1_F000014.png,S11,1,T01,C1,14,1.066,"/scratch/21376026/UPFall/Subject11/Activity1/Trial1/Subject11Activity1Trial1Camera1/2018-07-10T12_21_19.387088.png"
0061_S11_A01_T02_C2_F000029.png,S11,1,T02,C2,29,1.646,"/scratch/21376026/UPFall/Subject11/Activity1/Trial2/Subject11Activity1Trial2Camera2/2018-07-10T12_21_39.551679.png"
0062_S11_A10_T01_C1_F000330.png,S11,10,T01,C1,330,17.857,"/scratch/21376026/UPFall/Subject11/Activity10/Trial1/Subject11Activity10Trial1Camera1/2018-07-10T10_54_51.335573.png"
0063_S11_A10_T02_C2_F000060.png,S11,10,T02,C2,60,3.321,"/scratch/21376026/UPFall/Subject11/Activity10/Trial2/Subject11Activity10Trial2Camera2/2018-07-10T10_55_22.768437.png"
0064_S11_A11_T01_C1_F001080.png,S11,11,T01,C1,1080,59.812,"/scratch/21376026/UPFall/Subject11/Activity11/Trial1/Subject11Activity11Trial1Camera1/2018-07-10T12_23_11.384397.png"
0065_S11_A11_T01_C2_F000810.png,S11,11,T01,C2,810,44.802,"/scratch/21376026/UPFall/Subject11/Activity11/Trial1/Subject11Activity11Trial1Camera2/2018-07-10T12_22_56.374760.png"
0066_S11_A11_T02_C1_F000200.png,S11,11,T02,C1,200,11.062,"/scratch/21376026/UPFall/Subject11/Activity11/Trial2/Subject11Activity11Trial2Camera1/2018-07-10T12_23_27.792317.png"
0067_S11_A11_T02_C2_F000090.png,S11,11,T02,C2,90,4.967,"/scratch/21376026/UPFall/Subject11/Activity11/Trial2/Subject11Activity11Trial2Camera2/2018-07-10T12_23_21.696797.png"
0068_S11_A11_T03_C1_F000990.png,S11,11,T03,C1,990,54.563,"/scratch/21376026/UPFall/Subject11/Activity11/Trial3/Subject11Activity11Trial3Camera1/2018-07-10T12_25_15.247149.png"
0069_S11_A02_T02_C1_F000029.png,S11,2,T02,C1,29,1.499,"/scratch/21376026/UPFall/Subject11/Activity2/Trial2/Subject11Activity2Trial2Camera1/2018-07-10T10_36_41.657371.png"
0070_S11_A02_T03_C2_F000020.png,S11,2,T03,C2,20,1.035,"/scratch/21376026/UPFall/Subject11/Activity2/Trial3/Subject11Activity2Trial3Camera2/2018-07-10T10_37_08.014521.png"
0071_S11_A03_T02_C2_F000020.png,S11,3,T02,C2,20,1.024,"/scratch/21376026/UPFall/Subject11/Activity3/Trial2/Subject11Activity3Trial2Camera2/2018-07-10T10_38_46.885004.png"
0072_S11_A03_T03_C1_F000030.png,S11,3,T03,C1,30,1.633,"/scratch/21376026/UPFall/Subject11/Activity3/Trial3/Subject11Activity3Trial3Camera1/2018-07-10T10_39_05.423242.png"
0073_S11_A04_T01_C1_F000030.png,S11,4,T01,C1,30,1.622,"/scratch/21376026/UPFall/Subject11/Activity4/Trial1/Subject11Activity4Trial1Camera1/2018-07-10T10_39_39.795693.png"
0074_S11_A04_T03_C2_F000028.png,S11,4,T03,C2,28,1.602,"/scratch/21376026/UPFall/Subject11/Activity4/Trial3/Subject11Activity4Trial3Camera2/2018-07-10T10_40_18.890070.png"
0075_S11_A05_T01_C1_F000029.png,S11,5,T01,C1,29,1.548,"/scratch/21376026/UPFall/Subject11/Activity5/Trial1/Subject11Activity5Trial1Camera1/2018-07-10T10_40_49.708301.png"
0076_S11_A05_T02_C2_F000018.png,S11,5,T02,C2,18,1.033,"/scratch/21376026/UPFall/Subject11/Activity5/Trial2/Subject11Activity5Trial2Camera2/2018-07-10T10_41_06.893935.png"
0077_S11_A06_T02_C2_F000460.png,S11,6,T02,C2,460,24.272,"/scratch/21376026/UPFall/Subject11/Activity6/Trial2/Subject11Activity6Trial2Camera2/2018-07-10T10_43_28.945618.png"
0078_S11_A06_T03_C1_F000290.png,S11,6,T03,C1,290,14.934,"/scratch/21376026/UPFall/Subject11/Activity6/Trial3/Subject11Activity6Trial3Camera1/2018-07-10T10_44_23.485474.png"
0079_S11_A07_T01_C1_F000240.png,S11,7,T01,C1,240,12.673,"/scratch/21376026/UPFall/Subject11/Activity7/Trial1/Subject11Activity7Trial1Camera1/2018-07-10T10_45_51.358081.png"
0080_S11_A07_T01_C2_F000930.png,S11,7,T01,C2,930,50.146,"/scratch/21376026/UPFall/Subject11/Activity7/Trial1/Subject11Activity7Trial1Camera2/2018-07-10T10_46_28.831019.png"
0081_S11_A07_T02_C2_F000910.png,S11,7,T02,C2,910,51.345,"/scratch/21376026/UPFall/Subject11/Activity7/Trial2/Subject11Activity7Trial2Camera2/2018-07-10T10_47_33.442418.png"
0082_S11_A07_T03_C1_F000700.png,S11,7,T03,C1,700,40.029,"/scratch/21376026/UPFall/Subject11/Activity7/Trial3/Subject11Activity7Trial3Camera1/2018-07-10T10_48_26.051028.png"
0083_S11_A07_T03_C2_F000690.png,S11,7,T03,C2,690,39.53,"/scratch/21376026/UPFall/Subject11/Activity7/Trial3/Subject11Activity7Trial3Camera2/2018-07-10T10_48_25.551189.png"
0084_S11_A08_T01_C2_F000020.png,S11,8,T01,C2,20,1.004,"/scratch/21376026/UPFall/Subject11/Activity8/Trial1/Subject11Activity8Trial1Camera2/2018-07-10T10_49_12.881915.png"
0085_S11_A08_T02_C1_F000021.png,S11,8,T02,C1,21,1.041,"/scratch/21376026/UPFall/Subject11/Activity8/Trial2/Subject11Activity8Trial2Camera1/2018-07-10T10_50_32.775142.png"
0086_S11_A08_T03_C2_F000018.png,S11,8,T03,C2,18,1.043,"/scratch/21376026/UPFall/Subject11/Activity8/Trial3/Subject11Activity8Trial3Camera2/2018-07-10T10_51_36.444130.png"
0087_S11_A09_T01_C2_F000020.png,S11,9,T01,C2,20,1.161,"/scratch/21376026/UPFall/Subject11/Activity9/Trial1/Subject11Activity9Trial1Camera2/2018-07-10T10_53_23.668361.png"
0088_S11_A09_T02_C1_F000080.png,S11,9,T02,C1,80,4.456,"/scratch/21376026/UPFall/Subject11/Activity9/Trial2/Subject11Activity9Trial2Camera1/2018-07-10T10_53_48.683375.png"
0089_S12_A01_T03_C1_F000029.png,S12,1,T03,C1,29,1.578,"/scratch/21376026/UPFall/Subject12/Activity1/Trial3/Subject12Activity1Trial3Camera1/2018-07-10T11_33_28.029848.png"
0090_S12_A01_T03_C2_F000019.png,S12,1,T03,C2,19,1.016,"/scratch/21376026/UPFall/Subject12/Activity1/Trial3/Subject12Activity1Trial3Camera2/2018-07-10T11_33_27.467317.png"
0091_S12_A10_T02_C1_F000190.png,S12,10,T02,C1,190,10.082,"/scratch/21376026/UPFall/Subject12/Activity10/Trial2/Subject12Activity10Trial2Camera1/2018-07-10T11_52_18.118378.png"
0092_S12_A10_T03_C2_F000230.png,S12,10,T03,C2,230,11.983,"/scratch/21376026/UPFall/Subject12/Activity10/Trial3/Subject12Activity10Trial3Camera2/2018-07-10T11_52_57.395120.png"
0093_S12_A11_T01_C1_F000580.png,S12,11,T01,C1,580,31.202,"/scratch/21376026/UPFall/Subject12/Activity11/Trial1/Subject12Activity11Trial1Camera1/2018-07-10T11_54_12.974795.png"
0094_S12_A11_T02_C1_F000930.png,S12,11,T02,C1,930,49.735,"/scratch/21376026/UPFall/Subject12/Activity11/Trial2/Subject12Activity11Trial2Camera1/2018-07-10T11_55_35.195539.png"
0095_S12_A11_T02_C2_F000350.png,S12,11,T02,C2,350,18.937,"/scratch/21376026/UPFall/Subject12/Activity11/Trial2/Subject12Activity11Trial2Camera2/2018-07-10T11_55_04.397544.png"
0096_S12_A11_T03_C1_F000220.png,S12,11,T03,C1,220,11.604,"/scratch/21376026/UPFall/Subject12/Activity11/Trial3/Subject12Activity11Trial3Camera1/2018-07-10T11_56_00.809887.png"
0097_S12_A11_T03_C2_F001010.png,S12,11,T03,C2,1010,53.323,"/scratch/21376026/UPFall/Subject12/Activity11/Trial3/Subject12Activity11Trial3Camera2/2018-07-10T11_56_42.528938.png"
0098_S12_A02_T01_C1_F000030.png,S12,2,T01,C1,30,1.519,"/scratch/21376026/UPFall/Subject12/Activity2/Trial1/Subject12Activity2Trial1Camera1/2018-07-10T11_34_00.250554.png"
0099_S12_A02_T02_C2_F000021.png,S12,2,T02,C2,21,1.027,"/scratch/21376026/UPFall/Subject12/Activity2/Trial2/Subject12Activity2Trial2Camera2/2018-07-10T11_34_16.869905.png"
0100_S12_A02_T03_C2_F000030.png,S12,2,T03,C2,30,1.518,"/scratch/21376026/UPFall/Subject12/Activity2/Trial3/Subject12Activity2Trial3Camera2/2018-07-10T11_34_34.141415.png"
0101_S12_A03_T01_C1_F000021.png,S12,3,T01,C1,21,1.027,"/scratch/21376026/UPFall/Subject12/Activity3/Trial1/Subject12Activity3Trial1Camera1/2018-07-10T11_35_11.187168.png"
0102_S12_A03_T01_C2_F000031.png,S12,3,T01,C2,31,1.58,"/scratch/21376026/UPFall/Subject12/Activity3/Trial1/Subject12Activity3Trial1Camera2/2018-07-10T11_35_11.739322.png"
0103_S12_A04_T02_C2_F000029.png,S12,4,T02,C2,29,1.515,"/scratch/21376026/UPFall/Subject12/Activity4/Trial2/Subject12Activity4Trial2Camera2/2018-07-10T11_36_35.483642.png"
0104_S12_A04_T03_C1_F000029.png,S12,4,T03,C1,29,1.541,"/scratch/21376026/UPFall/Subject12/Activity4/Trial3/Subject12Activity4Trial3Camera1/2018-07-10T11_36_53.171709.png"
0105_S12_A05_T01_C1_F000020.png,S12,5,T01,C1,20,1.022,"/scratch/21376026/UPFall/Subject12/Activity5/Trial1/Subject12Activity5Trial1Camera1/2018-07-10T11_37_26.303080.png"
0106_S12_A05_T03_C2_F000031.png,S12,5,T03,C2,31,1.609,"/scratch/21376026/UPFall/Subject12/Activity5/Trial3/Subject12Activity5Trial3Camera2/2018-07-10T11_37_59.640108.png"
0107_S12_A06_T01_C1_F000140.png,S12,6,T01,C1,140,7.259,"/scratch/21376026/UPFall/Subject12/Activity6/Trial1/Subject12Activity6Trial1Camera1/2018-07-10T11_39_16.026642.png"
0108_S12_A06_T02_C1_F000660.png,S12,6,T02,C1,660,34.734,"/scratch/21376026/UPFall/Subject12/Activity6/Trial2/Subject12Activity6Trial2Camera1/2018-07-10T11_40_47.297082.png"
0109_S12_A06_T03_C2_F000980.png,S12,6,T03,C2,980,51.517,"/scratch/21376026/UPFall/Subject12/Activity6/Trial3/Subject12Activity6Trial3Camera2/2018-07-10T11_42_08.518029.png"
0110_S12_A07_T01_C1_F000780.png,S12,7,T01,C1,780,42.336,"/scratch/21376026/UPFall/Subject12/Activity7/Trial1/Subject12Activity7Trial1Camera1/2018-07-10T11_43_29.536817.png"
0111_S12_A07_T01_C2_F000440.png,S12,7,T01,C2,440,23.834,"/scratch/21376026/UPFall/Subject12/Activity7/Trial1/Subject12Activity7Trial1Camera2/2018-07-10T11_43_11.034750.png"
0112_S12_A07_T02_C1_F000890.png,S12,7,T02,C1,890,47.415,"/scratch/21376026/UPFall/Subject12/Activity7/Trial2/Subject12Activity7Trial2Camera1/2018-07-10T11_44_38.738563.png"
0113_S12_A07_T02_C2_F000100.png,S12,7,T02,C2,100,5.307,"/scratch/21376026/UPFall/Subject12/Activity7/Trial2/Subject12Activity7Trial2Camera2/2018-07-10T11_43_56.630187.png"
0114_S12_A07_T03_C2_F000850.png,S12,7,T03,C2,850,44.88,"/scratch/21376026/UPFall/Subject12/Activity7/Trial3/Subject12Activity7Trial3Camera2/2018-07-10T11_45_41.430062.png"
0115_S12_A08_T01_C1_F000030.png,S12,8,T01,C1,30,1.632,"/scratch/21376026/UPFall/Subject12/Activity8/Trial1/Subject12Activity8Trial1Camera1/2018-07-10T11_46_15.958937.png"
0116_S12_A08_T01_C2_F000030.png,S12,8,T01,C2,30,1.632,"/scratch/21376026/UPFall/Subject12/Activity8/Trial1/Subject12Activity8Trial1Camera2/2018-07-10T11_46_15.958937.png"
0117_S12_A09_T02_C2_F000010.png,S12,9,T02,C2,10,0.486,"/scratch/21376026/UPFall/Subject12/Activity9/Trial2/Subject12Activity9Trial2Camera2/2018-07-10T11_50_33.821959.png"
0118_S12_A09_T03_C1_F000030.png,S12,9,T03,C1,30,1.607,"/scratch/21376026/UPFall/Subject12/Activity9/Trial3/Subject12Activity9Trial3Camera1/2018-07-10T11_50_50.985288.png"
0119_S13_A01_T01_C2_F000029.png,S13,1,T01,C2,29,1.593,"/scratch/21376026/UPFall/Subject13/Activity1/Trial1/Subject13Activity1Trial1Camera2/2018-07-11T12_43_23.338166.png"
0120_S13_A01_T03_C1_F000018.png,S13,1,T03,C1,18,1.059,"/scratch/21376026/UPFall/Subject13/Activity1/Trial3/Subject13Activity1Trial3Camera1/2018-07-11T12_44_00.712609.png"
0121_S13_A10_T01_C2_F000250.png,S13,10,T01,C2,250,15.446,"/scratch/21376026/UPFall/Subject13/Activity10/Trial1/Subject13Activity10Trial1Camera2/2018-07-11T13_01_36.246998.png"
0122_S13_A10_T02_C1_F000340.png,S13,10,T02,C1,340,20.635,"/scratch/21376026/UPFall/Subject13/Activity10/Trial2/Subject13Activity10Trial2Camera1/2018-07-11T13_02_17.959739.png"
0123_S13_A10_T03_C1_F000140.png,S13,10,T03,C1,140,7.848,"/scratch/21376026/UPFall/Subject13/Activity10/Trial3/Subject13Activity10Trial3Camera1/2018-07-11T13_02_41.290189.png"
0124_S13_A11_T01_C1_F000450.png,S13,11,T01,C1,450,25.494,"/scratch/21376026/UPFall/Subject13/Activity11/Trial1/Subject13Activity11Trial1Camera1/2018-07-11T13_03_53.036529.png"
0125_S13_A11_T03_C1_F000320.png,S13,11,T03,C1,320,18.208,"/scratch/21376026/UPFall/Subject13/Activity11/Trial3/Subject13Activity11Trial3Camera1/2018-07-11T13_05_53.505952.png"
0126_S13_A11_T03_C2_F000590.png,S13,11,T03,C2,590,34.073,"/scratch/21376026/UPFall/Subject13/Activity11/Trial3/Subject13Activity11Trial3Camera2/2018-07-11T13_06_09.370684.png"
0127_S13_A02_T01_C1_F000027.png,S13,2,T01,C1,27,1.64,"/scratch/21376026/UPFall/Subject13/Activity2/Trial1/Subject13Activity2Trial1Camera1/2018-07-11T12_44_33.042468.png"
0128_S13_A02_T02_C2_F000017.png,S13,2,T02,C2,17,1.012,"/scratch/21376026/UPFall/Subject13/Activity2/Trial2/Subject13Activity2Trial2Camera2/2018-07-11T12_44_49.419745.png"
0129_S13_A03_T01_C1_F000029.png,S13,3,T01,C1,29,1.523,"/scratch/21376026/UPFall/Subject13/Activity3/Trial1/Subject13Activity3Trial1Camera1/2018-07-11T12_45_50.920013.png"
0130_S13_A03_T03_C2_F000029.png,S13,3,T03,C2,29,1.556,"/scratch/21376026/UPFall/Subject13/Activity3/Trial3/Subject13Activity3Trial3Camera2/2018-07-11T12_46_35.978418.png"
0131_S13_A04_T01_C2_F000028.png,S13,4,T01,C2,28,1.624,"/scratch/21376026/UPFall/Subject13/Activity4/Trial1/Subject13Activity4Trial1Camera2/2018-07-11T12_47_03.216342.png"
0132_S13_A04_T03_C1_F000019.png,S13,4,T03,C1,19,1.049,"/scratch/21376026/UPFall/Subject13/Activity4/Trial3/Subject13Activity4Trial3Camera1/2018-07-11T12_47_41.184447.png"
0133_S13_A05_T01_C2_F000020.png,S13,5,T01,C2,20,1.047,"/scratch/21376026/UPFall/Subject13/Activity5/Trial1/Subject13Activity5Trial1Camera2/2018-07-11T12_48_08.435413.png"
0134_S13_A05_T03_C1_F000019.png,S13,5,T03,C1,19,1.02,"/scratch/21376026/UPFall/Subject13/Activity5/Trial3/Subject13Activity5Trial3Camera1/2018-07-11T12_48_43.778440.png"
0135_S13_A06_T01_C2_F000780.png,S13,6,T01,C2,780,44.679,"/scratch/21376026/UPFall/Subject13/Activity6/Trial1/Subject13Activity6Trial1Camera2/2018-07-11T12_50_04.036561.png"
0136_S13_A06_T02_C1_F000340.png,S13,6,T02,C1,340,19.84,"/scratch/21376026/UPFall/Subject13/Activity6/Trial2/Subject13Activity6Trial2Camera1/2018-07-11T12_50_42.604110.png"
0137_S13_A06_T02_C2_F000530.png,S13,6,T02,C2,530,31.148,"/scratch/21376026/UPFall/Subject13/Activity6/Trial2/Subject13Activity6Trial2Camera2/2018-07-11T12_50_53.911801.png"
0138_S13_A06_T03_C2_F000370.png,S13,6,T03,C2,370,20.936,"/scratch/21376026/UPFall/Subject13/Activity6/Trial3/Subject13Activity6Trial3Camera2/2018-07-11T12_51_47.576175.png"
0139_S13_A07_T02_C1_F000890.png,S13,7,T02,C1,890,47.168,"/scratch/21376026/UPFall/Subject13/Activity7/Trial2/Subject13Activity7Trial2Camera1/2018-07-11T12_54_43.544743.png"
0140_S13_A07_T02_C2_F000570.png,S13,7,T02,C2,570,29.905,"/scratch/21376026/UPFall/Subject13/Activity7/Trial2/Subject13Activity7Trial2Camera2/2018-07-11T12_54_26.281342.png"
0141_S13_A07_T03_C1_F000250.png,S13,7,T03,C1,250,13.714,"/scratch/21376026/UPFall/Subject13/Activity7/Trial3/Subject13Activity7Trial3Camera1/2018-07-11T12_55_14.561268.png"
0142_S13_A07_T03_C2_F000560.png,S13,7,T03,C2,560,30.782,"/scratch/21376026/UPFall/Subject13/Activity7/Trial3/Subject13Activity7Trial3Camera2/2018-07-11T12_55_31.629199.png"
0143_S13_A08_T01_C1_F000029.png,S13,8,T01,C1,29,1.574,"/scratch/21376026/UPFall/Subject13/Activity8/Trial1/Subject13Activity8Trial1Camera1/2018-07-11T12_56_18.965862.png"
0144_S13_A08_T01_C2_F000019.png,S13,8,T01,C2,19,1.018,"/scratch/21376026/UPFall/Subject13/Activity8/Trial1/Subject13Activity8Trial1Camera2/2018-07-11T12_56_18.410340.png"
0145_S13_A09_T01_C2_F000100.png,S13,9,T01,C2,100,5.621,"/scratch/21376026/UPFall/Subject13/Activity9/Trial1/Subject13Activity9Trial1Camera2/2018-07-11T13_00_23.925191.png"
0146_S13_A09_T02_C1_F000020.png,S13,9,T02,C1,20,1.115,"/scratch/21376026/UPFall/Subject13/Activity9/Trial2/Subject13Activity9Trial2Camera1/2018-07-11T13_00_35.148703.png"
0147_S13_A09_T02_C2_F000150.png,S13,9,T02,C2,150,8.488,"/scratch/21376026/UPFall/Subject13/Activity9/Trial2/Subject13Activity9Trial2Camera2/2018-07-11T13_00_42.522078.png"
0148_S14_A01_T01_C1_F000018.png,S14,1,T01,C1,18,1.002,"/scratch/21376026/UPFall/Subject14/Activity1/Trial1/Subject14Activity1Trial1Camera1/2018-07-11T10_52_25.393324.png"
0149_S14_A01_T03_C2_F000016.png,S14,1,T03,C2,16,1.02,"/scratch/21376026/UPFall/Subject14/Activity1/Trial3/Subject14Activity1Trial3Camera2/2018-07-11T10_53_06.605831.png"
0150_S14_A10_T01_C2_F000170.png,S14,10,T01,C2,170,10.367,"/scratch/21376026/UPFall/Subject14/Activity10/Trial1/Subject14Activity10Trial1Camera2/2018-07-11T11_11_40.266717.png"
0151_S14_A10_T03_C1_F000440.png,S14,10,T03,C1,440,25.48,"/scratch/21376026/UPFall/Subject14/Activity10/Trial3/Subject14Activity10Trial3Camera1/2018-07-11T11_13_35.784788.png"
0152_S14_A10_T03_C2_F000080.png,S14,10,T03,C2,80,4.467,"/scratch/21376026/UPFall/Subject14/Activity10/Trial3/Subject14Activity10Trial3Camera2/2018-07-11T11_13_14.771899.png"
0153_S14_A11_T01_C1_F000390.png,S14,11,T01,C1,390,22.487,"/scratch/21376026/UPFall/Subject14/Activity11/Trial1/Subject14Activity11Trial1Camera1/2018-07-11T11_14_40.693842.png"
0154_S14_A11_T01_C2_F000360.png,S14,11,T01,C2,360,20.831,"/scratch/21376026/UPFall/Subject14/Activity11/Trial1/Subject14Activity11Trial1Camera2/2018-07-11T11_14_39.037898.png"
0155_S14_A11_T02_C2_F000830.png,S14,11,T02,C2,830,52.153,"/scratch/21376026/UPFall/Subject14/Activity11/Trial2/Subject14Activity11Trial2Camera2/2018-07-11T11_16_14.299549.png"
0156_S14_A11_T03_C1_F000900.png,S14,11,T03,C1,900,54.782,"/scratch/21376026/UPFall/Subject14/Activity11/Trial3/Subject14Activity11Trial3Camera1/2018-07-11T11_17_22.213491.png"
0157_S14_A11_T03_C2_F000470.png,S14,11,T03,C2,470,29.251,"/scratch/21376026/UPFall/Subject14/Activity11/Trial3/Subject14Activity11Trial3Camera2/2018-07-11T11_16_56.683049.png"
0158_S14_A02_T02_C1_F000013.png,S14,2,T02,C1,13,1.005,"/scratch/21376026/UPFall/Subject14/Activity2/Trial2/Subject14Activity2Trial2Camera1/2018-07-11T10_53_47.797454.png"
0159_S14_A02_T02_C2_F000023.png,S14,2,T02,C2,23,1.562,"/scratch/21376026/UPFall/Subject14/Activity2/Trial2/Subject14Activity2Trial2Camera2/2018-07-11T10_53_48.354455.png"
0160_S14_A03_T01_C2_F000019.png,S14,3,T01,C2,19,1.041,"/scratch/21376026/UPFall/Subject14/Activity3/Trial1/Subject14Activity3Trial1Camera2/2018-07-11T10_54_47.355988.png"
0161_S14_A03_T02_C1_F000029.png,S14,3,T02,C1,29,1.551,"/scratch/21376026/UPFall/Subject14/Activity3/Trial2/Subject14Activity3Trial2Camera1/2018-07-11T10_55_05.951273.png"
0162_S14_A04_T01_C2_F000019.png,S14,4,T01,C2,19,1.067,"/scratch/21376026/UPFall/Subject14/Activity4/Trial1/Subject14Activity4Trial1Camera2/2018-07-11T10_56_17.125578.png"
0163_S14_A04_T03_C1_F000018.png,S14,4,T03,C1,18,1.016,"/scratch/21376026/UPFall/Subject14/Activity4/Trial3/Subject14Activity4Trial3Camera1/2018-07-11T10_57_08.105140.png"
0164_S14_A05_T01_C2_F000029.png,S14,5,T01,C2,29,1.566,"/scratch/21376026/UPFall/Subject14/Activity5/Trial1/Subject14Activity5Trial1Camera2/2018-07-11T10_57_36.467388.png"
0165_S14_A05_T02_C1_F000020.png,S14,5,T02,C1,20,1.017,"/scratch/21376026/UPFall/Subject14/Activity5/Trial2/Subject14Activity5Trial2Camera1/2018-07-11T10_57_53.931885.png"
0166_S14_A06_T01_C1_F000630.png,S14,6,T01,C1,630,36.887,"/scratch/21376026/UPFall/Subject14/Activity6/Trial1/Subject14Activity6Trial1Camera1/2018-07-11T10_59_13.198751.png"
0167_S14_A06_T02_C1_F000030.png,S14,6,T02,C1,30,1.707,"/scratch/21376026/UPFall/Subject14/Activity6/Trial2/Subject14Activity6Trial2Camera1/2018-07-11T10_59_41.156661.png"
0168_S14_A06_T02_C2_F000560.png,S14,6,T02,C2,560,32.877,"/scratch/21376026/UPFall/Subject14/Activity6/Trial2/Subject14Activity6Trial2Camera2/2018-07-11T11_00_12.326839.png"
0169_S14_A06_T03_C1_F000390.png,S14,6,T03,C1,390,22.734,"/scratch/21376026/UPFall/Subject14/Activity6/Trial3/Subject14Activity6Trial3Camera1/2018-07-11T11_01_06.168973.png"
0170_S14_A06_T03_C2_F000690.png,S14,6,T03,C2,690,38.953,"/scratch/21376026/UPFall/Subject14/Activity6/Trial3/Subject14Activity6Trial3Camera2/2018-07-11T11_01_22.387927.png"
0171_S14_A07_T01_C1_F000890.png,S14,7,T01,C1,890,48.111,"/scratch/21376026/UPFall/Subject14/Activity7/Trial1/Subject14Activity7Trial1Camera1/2018-07-11T11_03_11.577334.png"
0172_S14_A07_T02_C1_F000650.png,S14,7,T02,C1,650,36.2,"/scratch/21376026/UPFall/Subject14/Activity7/Trial2/Subject14Activity7Trial2Camera1/2018-07-11T11_04_04.109128.png"
0173_S14_A07_T03_C2_F000010.png,S14,7,T03,C2,10,0.547,"/scratch/21376026/UPFall/Subject14/Activity7/Trial3/Subject14Activity7Trial3Camera2/2018-07-11T11_04_32.374441.png"
0174_S14_A08_T01_C1_F000028.png,S14,8,T01,C1,28,1.565,"/scratch/21376026/UPFall/Subject14/Activity8/Trial1/Subject14Activity8Trial1Camera1/2018-07-11T11_05_55.010191.png"
0175_S14_A08_T01_C2_F000028.png,S14,8,T01,C2,28,1.565,"/scratch/21376026/UPFall/Subject14/Activity8/Trial1/Subject14Activity8Trial1Camera2/2018-07-11T11_05_55.010191.png"
0176_S14_A09_T02_C1_F000030.png,S14,9,T02,C1,30,1.795,"/scratch/21376026/UPFall/Subject14/Activity9/Trial2/Subject14Activity9Trial2Camera1/2018-07-11T11_10_09.336626.png"
0177_S14_A09_T02_C2_F000070.png,S14,9,T02,C2,70,3.834,"/scratch/21376026/UPFall/Subject14/Activity9/Trial2/Subject14Activity9Trial2Camera2/2018-07-11T11_10_11.375364.png"
0178_S15_A01_T01_C1_F000029.png,S15,1,T01,C1,29,1.595,"/scratch/21376026/UPFall/Subject15/Activity1/Trial1/Subject15Activity1Trial1Camera1/2018-07-11T17_48_47.851587.png"
0179_S15_A01_T03_C2_F000018.png,S15,1,T03,C2,18,1.034,"/scratch/21376026/UPFall/Subject15/Activity1/Trial3/Subject15Activity1Trial3Camera2/2018-07-11T17_49_28.432980.png"
0180_S15_A10_T03_C1_F000390.png,S15,10,T03,C1,390,23.189,"/scratch/21376026/UPFall/Subject15/Activity10/Trial3/Subject15Activity10Trial3Camera1/2018-07-11T18_13_48.343395.png"
0181_S15_A10_T03_C2_F000060.png,S15,10,T03,C2,60,3.858,"/scratch/21376026/UPFall/Subject15/Activity10/Trial3/Subject15Activity10Trial3Camera2/2018-07-11T18_13_29.013297.png"
0182_S15_A11_T01_C1_F000350.png,S15,11,T01,C1,350,20.691,"/scratch/21376026/UPFall/Subject15/Activity11/Trial1/Subject15Activity11Trial1Camera1/2018-07-11T18_14_49.457209.png"
0183_S15_A11_T01_C2_F000180.png,S15,11,T01,C2,180,10.648,"/scratch/21376026/UPFall/Subject15/Activity11/Trial1/Subject15Activity11Trial1Camera2/2018-07-11T18_14_39.414625.png"
0184_S15_A11_T02_C2_F000350.png,S15,11,T02,C2,350,21.193,"/scratch/21376026/UPFall/Subject15/Activity11/Trial2/Subject15Activity11Trial2Camera2/2018-07-11T18_15_59.856780.png"
0185_S15_A11_T03_C1_F000980.png,S15,11,T03,C1,980,53.097,"/scratch/21376026/UPFall/Subject15/Activity11/Trial3/Subject15Activity11Trial3Camera1/2018-07-11T18_17_35.496529.png"
0186_S15_A11_T03_C2_F000680.png,S15,11,T03,C2,680,36.285,"/scratch/21376026/UPFall/Subject15/Activity11/Trial3/Subject15Activity11Trial3Camera2/2018-07-11T18_17_18.684490.png"
0187_S15_A02_T03_C1_F000027.png,S15,2,T03,C1,27,1.579,"/scratch/21376026/UPFall/Subject15/Activity2/Trial3/Subject15Activity2Trial3Camera1/2018-07-11T17_51_09.163302.png"
0188_S15_A02_T03_C2_F000027.png,S15,2,T03,C2,27,1.579,"/scratch/21376026/UPFall/Subject15/Activity2/Trial3/Subject15Activity2Trial3Camera2/2018-07-11T17_51_09.163302.png"
0189_S15_A03_T03_C1_F000029.png,S15,3,T03,C1,29,1.575,"/scratch/21376026/UPFall/Subject15/Activity3/Trial3/Subject15Activity3Trial3Camera1/2018-07-11T17_52_46.740821.png"
0190_S15_A03_T03_C2_F000029.png,S15,3,T03,C2,29,1.575,"/scratch/21376026/UPFall/Subject15/Activity3/Trial3/Subject15Activity3Trial3Camera2/2018-07-11T17_52_46.740821.png"
0191_S15_A04_T02_C1_F000027.png,S15,4,T02,C1,27,1.546,"/scratch/21376026/UPFall/Subject15/Activity4/Trial2/Subject15Activity4Trial2Camera1/2018-07-11T17_54_33.569707.png"
0192_S15_A04_T03_C2_F000028.png,S15,4,T03,C2,28,1.59,"/scratch/21376026/UPFall/Subject15/Activity4/Trial3/Subject15Activity4Trial3Camera2/2018-07-11T17_55_00.054341.png"
0193_S15_A05_T02_C2_F000019.png,S15,5,T02,C2,19,1.023,"/scratch/21376026/UPFall/Subject15/Activity5/Trial2/Subject15Activity5Trial2Camera2/2018-07-11T17_55_43.124266.png"
0194_S15_A05_T03_C1_F000029.png,S15,5,T03,C1,29,1.609,"/scratch/21376026/UPFall/Subject15/Activity5/Trial3/Subject15Activity5Trial3Camera1/2018-07-11T17_56_04.431175.png"
0195_S15_A06_T01_C1_F000010.png,S15,6,T01,C1,10,0.573,"/scratch/21376026/UPFall/Subject15/Activity6/Trial1/Subject15Activity6Trial1Camera1/2018-07-11T17_56_37.961998.png"
0196_S15_A06_T01_C2_F000250.png,S15,6,T01,C2,250,13.854,"/scratch/21376026/UPFall/Subject15/Activity6/Trial1/Subject15Activity6Trial1Camera2/2018-07-11T17_56_51.243102.png"
0197_S15_A06_T02_C2_F000050.png,S15,6,T02,C2,50,2.838,"/scratch/21376026/UPFall/Subject15/Activity6/Trial2/Subject15Activity6Trial2Camera2/2018-07-11T17_57_45.011908.png"
0198_S15_A06_T03_C1_F000510.png,S15,6,T03,C1,510,28.807,"/scratch/21376026/UPFall/Subject15/Activity6/Trial3/Subject15Activity6Trial3Camera1/2018-07-11T17_59_15.962666.png"
0199_S15_A06_T03_C2_F000940.png,S15,6,T03,C2,940,52.994,"/scratch/21376026/UPFall/Subject15/Activity6/Trial3/Subject15Activity6Trial3Camera2/2018-07-11T17_59_40.149465.png"
0200_S15_A07_T01_C1_F000190.png,S15,7,T01,C1,190,11.035,"/scratch/21376026/UPFall/Subject15/Activity7/Trial1/Subject15Activity7Trial1Camera1/2018-07-11T18_00_36.917957.png"
0201_S15_A07_T02_C1_F000370.png,S15,7,T02,C1,370,21.442,"/scratch/21376026/UPFall/Subject15/Activity7/Trial2/Subject15Activity7Trial2Camera1/2018-07-11T18_02_08.238320.png"
0202_S15_A07_T03_C2_F000640.png,S15,7,T03,C2,640,36.389,"/scratch/21376026/UPFall/Subject15/Activity7/Trial3/Subject15Activity7Trial3Camera2/2018-07-11T18_03_26.629979.png"
0203_S15_A08_T02_C1_F000017.png,S15,8,T02,C1,17,1.016,"/scratch/21376026/UPFall/Subject15/Activity8/Trial2/Subject15Activity8Trial2Camera1/2018-07-11T18_05_35.761982.png"
0204_S15_A08_T02_C2_F000027.png,S15,8,T02,C2,27,1.527,"/scratch/21376026/UPFall/Subject15/Activity8/Trial2/Subject15Activity8Trial2Camera2/2018-07-11T18_05_36.272859.png"
0205_S15_A09_T02_C1_F000050.png,S15,9,T02,C1,50,2.908,"/scratch/21376026/UPFall/Subject15/Activity9/Trial2/Subject15Activity9Trial2Camera1/2018-07-11T18_10_22.446750.png"
0206_S15_A09_T02_C2_F000070.png,S15,9,T02,C2,70,4.08,"/scratch/21376026/UPFall/Subject15/Activity9/Trial2/Subject15Activity9Trial2Camera2/2018-07-11T18_10_23.618904.png"
0207_S16_A01_T02_C2_F000018.png,S16,1,T02,C2,18,1.03,"/scratch/21376026/UPFall/Subject16/Activity1/Trial2/Subject16Activity1Trial2Camera2/2018-07-12T10_53_29.828721.png"
0208_S16_A01_T03_C1_F000019.png,S16,1,T03,C1,19,1.011,"/scratch/21376026/UPFall/Subject16/Activity1/Trial3/Subject16Activity1Trial3Camera1/2018-07-12T10_54_39.190561.png"
0209_S16_A10_T01_C1_F000470.png,S16,10,T01,C1,470,29.274,"/scratch/21376026/UPFall/Subject16/Activity10/Trial1/Subject16Activity10Trial1Camera1/2018-07-12T11_12_48.135980.png"
0210_S16_A10_T02_C1_F000430.png,S16,10,T02,C1,430,26.833,"/scratch/21376026/UPFall/Subject16/Activity10/Trial2/Subject16Activity10Trial2Camera1/2018-07-12T11_13_38.439309.png"
0211_S16_A10_T03_C2_F000490.png,S16,10,T03,C2,490,29.645,"/scratch/21376026/UPFall/Subject16/Activity10/Trial3/Subject16Activity10Trial3Camera2/2018-07-12T11_14_28.736582.png"
0212_S16_A11_T01_C2_F000400.png,S16,11,T01,C2,400,24.374,"/scratch/21376026/UPFall/Subject16/Activity11/Trial1/Subject16Activity11Trial1Camera2/2018-07-12T11_15_15.837362.png"
0213_S16_A11_T02_C1_F000120.png,S16,11,T02,C1,120,7.29,"/scratch/21376026/UPFall/Subject16/Activity11/Trial2/Subject16Activity11Trial2Camera1/2018-07-12T11_16_02.643060.png"
0214_S16_A11_T02_C2_F000380.png,S16,11,T02,C2,380,23.07,"/scratch/21376026/UPFall/Subject16/Activity11/Trial2/Subject16Activity11Trial2Camera2/2018-07-12T11_16_18.422286.png"
0215_S16_A11_T03_C1_F000050.png,S16,11,T03,C1,50,3.373,"/scratch/21376026/UPFall/Subject16/Activity11/Trial3/Subject16Activity11Trial3Camera1/2018-07-12T11_17_07.295523.png"
0216_S16_A11_T03_C2_F000130.png,S16,11,T03,C2,130,8.478,"/scratch/21376026/UPFall/Subject16/Activity11/Trial3/Subject16Activity11Trial3Camera2/2018-07-12T11_17_12.400670.png"
0217_S16_A02_T01_C1_F000028.png,S16,2,T01,C1,28,1.598,"/scratch/21376026/UPFall/Subject16/Activity2/Trial1/Subject16Activity2Trial1Camera1/2018-07-12T10_54_59.445635.png"
0218_S16_A02_T01_C2_F000028.png,S16,2,T01,C2,28,1.598,"/scratch/21376026/UPFall/Subject16/Activity2/Trial1/Subject16Activity2Trial1Camera2/2018-07-12T10_54_59.445635.png"
0219_S16_A03_T01_C2_F000018.png,S16,3,T01,C2,18,1.032,"/scratch/21376026/UPFall/Subject16/Activity3/Trial1/Subject16Activity3Trial1Camera2/2018-07-12T10_55_58.061826.png"
0220_S16_A03_T03_C1_F000019.png,S16,3,T03,C1,19,1.052,"/scratch/21376026/UPFall/Subject16/Activity3/Trial3/Subject16Activity3Trial3Camera1/2018-07-12T10_56_43.066781.png"
0221_S16_A04_T02_C1_F000017.png,S16,4,T02,C1,17,1.029,"/scratch/21376026/UPFall/Subject16/Activity4/Trial2/Subject16Activity4Trial2Camera1/2018-07-12T10_57_30.692074.png"
0222_S16_A04_T03_C2_F000017.png,S16,4,T03,C2,17,1.0,"/scratch/21376026/UPFall/Subject16/Activity4/Trial3/Subject16Activity4Trial3Camera2/2018-07-12T10_57_49.116331.png"
0223_S16_A05_T01_C1_F000028.png,S16,5,T01,C1,28,1.635,"/scratch/21376026/UPFall/Subject16/Activity5/Trial1/Subject16Activity5Trial1Camera1/2018-07-12T10_58_15.130177.png"
0224_S16_A05_T02_C2_F000018.png,S16,5,T02,C2,18,1.059,"/scratch/21376026/UPFall/Subject16/Activity5/Trial2/Subject16Activity5Trial2Camera2/2018-07-12T10_58_31.769279.png"
0225_S16_A06_T01_C1_F000570.png,S16,6,T01,C1,570,35.325,"/scratch/21376026/UPFall/Subject16/Activity6/Trial1/Subject16Activity6Trial1Camera1/2018-07-12T10_59_49.636350.png"
0226_S16_A06_T01_C2_F000650.png,S16,6,T01,C2,650,39.997,"/scratch/21376026/UPFall/Subject16/Activity6/Trial1/Subject16Activity6Trial1Camera2/2018-07-12T10_59_54.308332.png"
0227_S16_A06_T02_C1_F000740.png,S16,6,T02,C1,740,46.351,"/scratch/21376026/UPFall/Subject16/Activity6/Trial2/Subject16Activity6Trial2Camera1/2018-07-12T11_01_02.927938.png"
0228_S16_A06_T03_C2_F000100.png,S16,6,T03,C2,100,6.118,"/scratch/21376026/UPFall/Subject16/Activity6/Trial3/Subject16Activity6Trial3Camera2/2018-07-12T11_01_26.757994.png"
0229_S16_A07_T01_C2_F000480.png,S16,7,T01,C2,480,28.49,"/scratch/21376026/UPFall/Subject16/Activity7/Trial1/Subject16Activity7Trial1Camera2/2018-07-12T11_03_07.252146.png"
0230_S16_A07_T02_C1_F000860.png,S16,7,T02,C1,860,52.268,"/scratch/21376026/UPFall/Subject16/Activity7/Trial2/Subject16Activity7Trial2Camera1/2018-07-12T11_04_49.805199.png"
0231_S16_A07_T03_C1_F000810.png,S16,7,T03,C1,810,48.716,"/scratch/21376026/UPFall/Subject16/Activity7/Trial3/Subject16Activity7Trial3Camera1/2018-07-12T11_05_48.352194.png"
0232_S16_A07_T03_C2_F000890.png,S16,7,T03,C2,890,54.232,"/scratch/21376026/UPFall/Subject16/Activity7/Trial3/Subject16Activity7Trial3Camera2/2018-07-12T11_05_53.868282.png"
0233_S16_A08_T01_C1_F000028.png,S16,8,T01,C1,28,1.674,"/scratch/21376026/UPFall/Subject16/Activity8/Trial1/Subject16Activity8Trial1Camera1/2018-07-12T11_06_16.931238.png"
0234_S16_A08_T01_C2_F000018.png,S16,8,T01,C2,18,1.049,"/scratch/21376026/UPFall/Subject16/Activity8/Trial1/Subject16Activity8Trial1Camera2/2018-07-12T11_06_16.305570.png"
0235_S16_A09_T02_C2_F000030.png,S16,9,T02,C2,30,1.827,"/scratch/21376026/UPFall/Subject16/Activity9/Trial2/Subject16Activity9Trial2Camera2/2018-07-12T11_11_07.607732.png"
0236_S16_A09_T03_C1_F000130.png,S16,9,T03,C1,130,9.163,"/scratch/21376026/UPFall/Subject16/Activity9/Trial3/Subject16Activity9Trial3Camera1/2018-07-12T11_11_31.239071.png"
0237_S17_A01_T03_C1_F000028.png,S17,1,T03,C1,28,1.622,"/scratch/21376026/UPFall/Subject17/Activity1/Trial3/Subject17Activity1Trial3Camera1/2018-07-12T11_54_55.679163.png"
0238_S17_A01_T03_C2_F000028.png,S17,1,T03,C2,28,1.622,"/scratch/21376026/UPFall/Subject17/Activity1/Trial3/Subject17Activity1Trial3Camera2/2018-07-12T11_54_55.679163.png"
0239_S17_A10_T01_C2_F000040.png,S17,10,T01,C2,40,2.174,"/scratch/21376026/UPFall/Subject17/Activity10/Trial1/Subject17Activity10Trial1Camera2/2018-07-12T12_13_13.973735.png"
0240_S17_A10_T03_C1_F000020.png,S17,10,T03,C1,20,1.229,"/scratch/21376026/UPFall/Subject17/Activity10/Trial3/Subject17Activity10Trial3Camera1/2018-07-12T12_14_23.937516.png"
0241_S17_A10_T03_C2_F000380.png,S17,10,T03,C2,380,21.057,"/scratch/21376026/UPFall/Subject17/Activity10/Trial3/Subject17Activity10Trial3Camera2/2018-07-12T12_14_43.765773.png"
0242_S17_A11_T01_C2_F000900.png,S17,11,T01,C2,900,51.199,"/scratch/21376026/UPFall/Subject17/Activity11/Trial1/Subject17Activity11Trial1Camera2/2018-07-12T12_16_08.529101.png"
0243_S17_A11_T02_C1_F000080.png,S17,11,T02,C1,80,5.094,"/scratch/21376026/UPFall/Subject17/Activity11/Trial2/Subject17Activity11Trial2Camera1/2018-07-12T12_16_29.600756.png"
0244_S17_A11_T02_C2_F000540.png,S17,11,T02,C2,540,31.418,"/scratch/21376026/UPFall/Subject17/Activity11/Trial2/Subject17Activity11Trial2Camera2/2018-07-12T12_16_55.925289.png"
0245_S17_A11_T03_C1_F000570.png,S17,11,T03,C1,570,32.378,"/scratch/21376026/UPFall/Subject17/Activity11/Trial3/Subject17Activity11Trial3Camera1/2018-07-12T12_18_01.473448.png"
0246_S17_A02_T01_C1_F000026.png,S17,2,T01,C1,26,1.555,"/scratch/21376026/UPFall/Subject17/Activity2/Trial1/Subject17Activity2Trial1Camera1/2018-07-12T11_55_52.088364.png"
0247_S17_A02_T01_C2_F000016.png,S17,2,T01,C2,16,1.006,"/scratch/21376026/UPFall/Subject17/Activity2/Trial1/Subject17Activity2Trial1Camera2/2018-07-12T11_55_51.539902.png"
0248_S17_A03_T01_C1_F000031.png,S17,3,T01,C1,31,1.65,"/scratch/21376026/UPFall/Subject17/Activity3/Trial1/Subject17Activity3Trial1Camera1/2018-07-12T11_57_10.661950.png"
0249_S17_A03_T01_C2_F000031.png,S17,3,T01,C2,31,1.65,"/scratch/21376026/UPFall/Subject17/Activity3/Trial1/Subject17Activity3Trial1Camera2/2018-07-12T11_57_10.661950.png"
0250_S17_A04_T01_C2_F000019.png,S17,4,T01,C2,19,1.029,"/scratch/21376026/UPFall/Subject17/Activity4/Trial1/Subject17Activity4Trial1Camera2/2018-07-12T11_58_11.239343.png"
0251_S17_A04_T02_C1_F000028.png,S17,4,T02,C1,28,1.602,"/scratch/21376026/UPFall/Subject17/Activity4/Trial2/Subject17Activity4Trial2Camera1/2018-07-12T11_58_28.961718.png"
0252_S17_A05_T01_C2_F000030.png,S17,5,T01,C2,30,1.663,"/scratch/21376026/UPFall/Subject17/Activity5/Trial1/Subject17Activity5Trial1Camera2/2018-07-12T11_59_37.955564.png"
0253_S17_A05_T02_C1_F000016.png,S17,5,T02,C1,16,1.019,"/scratch/21376026/UPFall/Subject17/Activity5/Trial2/Subject17Activity5Trial2Camera1/2018-07-12T11_59_54.167944.png"
0254_S17_A06_T01_C1_F000170.png,S17,6,T01,C1,170,9.329,"/scratch/21376026/UPFall/Subject17/Activity6/Trial1/Subject17Activity6Trial1Camera1/2018-07-12T12_00_47.494749.png"
0255_S17_A06_T02_C1_F000230.png,S17,6,T02,C1,230,12.704,"/scratch/21376026/UPFall/Subject17/Activity6/Trial2/Subject17Activity6Trial2Camera1/2018-07-12T12_01_54.634620.png"
0256_S17_A06_T02_C2_F000450.png,S17,6,T02,C2,450,24.947,"/scratch/21376026/UPFall/Subject17/Activity6/Trial2/Subject17Activity6Trial2Camera2/2018-07-12T12_02_06.878013.png"
0257_S17_A06_T03_C1_F000010.png,S17,6,T03,C1,10,0.559,"/scratch/21376026/UPFall/Subject17/Activity6/Trial3/Subject17Activity6Trial3Camera1/2018-07-12T12_02_46.202198.png"
0258_S17_A06_T03_C2_F000850.png,S17,6,T03,C2,850,47.15,"/scratch/21376026/UPFall/Subject17/Activity6/Trial3/Subject17Activity6Trial3Camera2/2018-07-12T12_03_32.792820.png"
0259_S17_A07_T02_C1_F000370.png,S17,7,T02,C1,370,21.317,"/scratch/21376026/UPFall/Subject17/Activity7/Trial2/Subject17Activity7Trial2Camera1/2018-07-12T12_05_45.173773.png"
0260_S17_A07_T02_C2_F000300.png,S17,7,T02,C2,300,17.408,"/scratch/21376026/UPFall/Subject17/Activity7/Trial2/Subject17Activity7Trial2Camera2/2018-07-12T12_05_41.265539.png"
0261_S17_A07_T03_C1_F000500.png,S17,7,T03,C1,500,29.37,"/scratch/21376026/UPFall/Subject17/Activity7/Trial3/Subject17Activity7Trial3Camera1/2018-07-12T12_06_56.794404.png"
0262_S17_A07_T03_C2_F000440.png,S17,7,T03,C2,440,26.03,"/scratch/21376026/UPFall/Subject17/Activity7/Trial3/Subject17Activity7Trial3Camera2/2018-07-12T12_06_53.454978.png"
0263_S17_A08_T02_C1_F000016.png,S17,8,T02,C1,16,1.198,"/scratch/21376026/UPFall/Subject17/Activity8/Trial2/Subject17Activity8Trial2Camera1/2018-07-12T12_08_49.915640.png"
0264_S17_A08_T03_C2_F000029.png,S17,8,T03,C2,29,1.59,"/scratch/21376026/UPFall/Subject17/Activity8/Trial3/Subject17Activity8Trial3Camera2/2018-07-12T12_09_54.981564.png"
0265_S17_A09_T01_C1_F000050.png,S17,9,T01,C1,50,2.739,"/scratch/21376026/UPFall/Subject17/Activity9/Trial1/Subject17Activity9Trial1Camera1/2018-07-12T12_11_58.034869.png"
0266_S17_A09_T01_C2_F000180.png,S17,9,T01,C2,180,9.907,"/scratch/21376026/UPFall/Subject17/Activity9/Trial1/Subject17Activity9Trial1Camera2/2018-07-12T12_12_05.203441.png"
0267_S02_A01_T02_C2_F000018.png,S02,1,T02,C2,18,1.032,"/scratch/21376026/UPFall/Subject2/Activity1/Trial2/Subject2Activity1Trial2Camera2/2018-07-11T13_39_56.866580.png"
0268_S02_A01_T03_C1_F000029.png,S02,1,T03,C1,29,1.711,"/scratch/21376026/UPFall/Subject2/Activity1/Trial3/Subject2Activity1Trial3Camera1/2018-07-11T13_40_15.694848.png"
0269_S02_A10_T02_C1_F000360.png,S02,10,T02,C1,360,23.388,"/scratch/21376026/UPFall/Subject2/Activity10/Trial2/Subject2Activity10Trial2Camera1/2018-07-11T13_59_36.928063.png"
0270_S02_A10_T02_C2_F000140.png,S02,10,T02,C2,140,9.635,"/scratch/21376026/UPFall/Subject2/Activity10/Trial2/Subject2Activity10Trial2Camera2/2018-07-11T13_59_23.175067.png"
0271_S02_A10_T03_C1_F000100.png,S02,10,T03,C1,100,6.925,"/scratch/21376026/UPFall/Subject2/Activity10/Trial3/Subject2Activity10Trial3Camera1/2018-07-11T13_59_56.883625.png"
0272_S02_A11_T02_C1_F000900.png,S02,11,T02,C1,900,57.107,"/scratch/21376026/UPFall/Subject2/Activity11/Trial2/Subject2Activity11Trial2Camera1/2018-07-11T14_02_41.528382.png"
0273_S02_A11_T02_C2_F000000.png,S02,11,T02,C2,0,0.0,"/scratch/21376026/UPFall/Subject2/Activity11/Trial2/Subject2Activity11Trial2Camera2/2018-07-11T14_01_44.421807.png"
0274_S02_A02_T01_C2_F000017.png,S02,2,T01,C2,17,1.004,"/scratch/21376026/UPFall/Subject2/Activity2/Trial1/Subject2Activity2Trial1Camera2/2018-07-11T13_40_34.886309.png"
0275_S02_A02_T02_C1_F000028.png,S02,2,T02,C1,28,1.63,"/scratch/21376026/UPFall/Subject2/Activity2/Trial2/Subject2Activity2Trial2Camera1/2018-07-11T13_40_56.290414.png"
0276_S02_A03_T03_C1_F000028.png,S02,3,T03,C1,28,1.57,"/scratch/21376026/UPFall/Subject2/Activity3/Trial3/Subject2Activity3Trial3Camera1/2018-07-11T13_42_19.882714.png"
0277_S02_A03_T03_C2_F000018.png,S02,3,T03,C2,18,1.045,"/scratch/21376026/UPFall/Subject2/Activity3/Trial3/Subject2Activity3Trial3Camera2/2018-07-11T13_42_19.357799.png"
0278_S02_A04_T02_C2_F000028.png,S02,4,T02,C2,28,1.681,"/scratch/21376026/UPFall/Subject2/Activity4/Trial2/Subject2Activity4Trial2Camera2/2018-07-11T13_43_04.776587.png"
0279_S02_A04_T03_C1_F000026.png,S02,4,T03,C1,26,1.638,"/scratch/21376026/UPFall/Subject2/Activity4/Trial3/Subject2Activity4Trial3Camera1/2018-07-11T13_43_27.544042.png"
0280_S02_A05_T01_C1_F000018.png,S02,5,T01,C1,18,1.042,"/scratch/21376026/UPFall/Subject2/Activity5/Trial1/Subject2Activity5Trial1Camera1/2018-07-11T13_43_47.374652.png"
0281_S02_A05_T02_C2_F000016.png,S02,5,T02,C2,16,1.049,"/scratch/21376026/UPFall/Subject2/Activity5/Trial2/Subject2Activity5Trial2Camera2/2018-07-11T13_44_07.449293.png"
0282_S02_A06_T01_C2_F000920.png,S02,6,T01,C2,920,53.546,"/scratch/21376026/UPFall/Subject2/Activity6/Trial1/Subject2Activity6Trial1Camera2/2018-07-11T13_46_27.151634.png"
0283_S02_A06_T02_C1_F000240.png,S02,6,T02,C1,240,13.75,"/scratch/21376026/UPFall/Subject2/Activity6/Trial2/Subject2Activity6Trial2Camera1/2018-07-11T13_46_50.839949.png"
0284_S02_A06_T02_C2_F001050.png,S02,6,T02,C2,1050,59.329,"/scratch/21376026/UPFall/Subject2/Activity6/Trial2/Subject2Activity6Trial2Camera2/2018-07-11T13_47_36.418435.png"
0285_S02_A06_T03_C1_F001090.png,S02,6,T03,C1,1090,59.78,"/scratch/21376026/UPFall/Subject2/Activity6/Trial3/Subject2Activity6Trial3Camera1/2018-07-11T13_48_40.418735.png"
0286_S02_A06_T03_C2_F000520.png,S02,6,T03,C2,520,28.56,"/scratch/21376026/UPFall/Subject2/Activity6/Trial3/Subject2Activity6Trial3Camera2/2018-07-11T13_48_09.198846.png"
0287_S02_A07_T01_C1_F000610.png,S02,7,T01,C1,610,34.138,"/scratch/21376026/UPFall/Subject2/Activity7/Trial1/Subject2Activity7Trial1Camera1/2018-07-11T13_49_25.526860.png"
0288_S02_A07_T01_C2_F000910.png,S02,7,T01,C2,910,51.093,"/scratch/21376026/UPFall/Subject2/Activity7/Trial1/Subject2Activity7Trial1Camera2/2018-07-11T13_49_42.481731.png"
0289_S02_A07_T02_C1_F000750.png,S02,7,T02,C1,750,43.35,"/scratch/21376026/UPFall/Subject2/Activity7/Trial2/Subject2Activity7Trial2Camera1/2018-07-11T13_50_38.451450.png"
0290_S02_A07_T02_C2_F000850.png,S02,7,T02,C2,850,49.275,"/scratch/21376026/UPFall/Subject2/Activity7/Trial2/Subject2Activity7Trial2Camera2/2018-07-11T13_50_44.376978.png"
0291_S02_A07_T03_C1_F000940.png,S02,7,T03,C1,940,54.857,"/scratch/21376026/UPFall/Subject2/Activity7/Trial3/Subject2Activity7Trial3Camera1/2018-07-11T13_51_53.641245.png"
0292_S02_A07_T03_C2_F000570.png,S02,7,T03,C2,570,33.193,"/scratch/21376026/UPFall/Subject2/Activity7/Trial3/Subject2Activity7Trial3Camera2/2018-07-11T13_51_31.977551.png"
0293_S02_A08_T01_C1_F000028.png,S02,8,T01,C1,28,1.535,"/scratch/21376026/UPFall/Subject2/Activity8/Trial1/Subject2Activity8Trial1Camera1/2018-07-11T13_52_18.953118.png"
0294_S02_A08_T03_C2_F000018.png,S02,8,T03,C2,18,1.019,"/scratch/21376026/UPFall/Subject2/Activity8/Trial3/Subject2Activity8Trial3Camera2/2018-07-11T13_54_30.505212.png"
0295_S02_A09_T01_C1_F000110.png,S02,9,T01,C1,110,6.695,"/scratch/21376026/UPFall/Subject2/Activity9/Trial1/Subject2Activity9Trial1Camera1/2018-07-11T13_56_57.514624.png"
0296_S02_A09_T01_C2_F000140.png,S02,9,T01,C2,140,8.659,"/scratch/21376026/UPFall/Subject2/Activity9/Trial1/Subject2Activity9Trial1Camera2/2018-07-11T13_56_59.478612.png"
0297_S03_A01_T01_C1_F000028.png,S03,1,T01,C1,28,1.532,"/scratch/21376026/UPFall/Subject3/Activity1/Trial1/Subject3Activity1Trial1Camera1/2018-07-05T12_05_24.684982.png"
0298_S03_A01_T03_C2_F000020.png,S03,1,T03,C2,20,1.018,"/scratch/21376026/UPFall/Subject3/Activity1/Trial3/Subject3Activity1Trial3Camera2/2018-07-05T12_06_11.421711.png"
0299_S03_A10_T01_C1_F000450.png,S03,10,T01,C1,450,25.533,"/scratch/21376026/UPFall/Subject3/Activity10/Trial1/Subject3Activity10Trial1Camera1/2018-07-05T12_23_45.691019.png"
0300_S03_A10_T02_C1_F000320.png,S03,10,T02,C1,320,18.757,"/scratch/21376026/UPFall/Subject3/Activity10/Trial2/Subject3Activity10Trial2Camera1/2018-07-05T12_24_27.942316.png"
0301_S03_A10_T02_C2_F000140.png,S03,10,T02,C2,140,8.349,"/scratch/21376026/UPFall/Subject3/Activity10/Trial2/Subject3Activity10Trial2Camera2/2018-07-05T12_24_17.533955.png"
0302_S03_A11_T01_C2_F000700.png,S03,11,T01,C2,700,38.857,"/scratch/21376026/UPFall/Subject3/Activity11/Trial1/Subject3Activity11Trial1Camera2/2018-07-05T12_26_41.596314.png"
0303_S03_A11_T02_C2_F000580.png,S03,11,T02,C2,580,31.717,"/scratch/21376026/UPFall/Subject3/Activity11/Trial2/Subject3Activity11Trial2Camera2/2018-07-05T12_27_38.243557.png"
0304_S03_A11_T03_C1_F000420.png,S03,11,T03,C1,420,25.043,"/scratch/21376026/UPFall/Subject3/Activity11/Trial3/Subject3Activity11Trial3Camera1/2018-07-05T12_28_35.334065.png"
0305_S03_A11_T03_C2_F000010.png,S03,11,T03,C2,10,0.511,"/scratch/21376026/UPFall/Subject3/Activity11/Trial3/Subject3Activity11Trial3Camera2/2018-07-05T12_28_10.801963.png"
0306_S03_A02_T01_C2_F000019.png,S03,2,T01,C2,19,1.007,"/scratch/21376026/UPFall/Subject3/Activity2/Trial1/Subject3Activity2Trial1Camera2/2018-07-05T12_06_44.157097.png"
0307_S03_A02_T02_C1_F000018.png,S03,2,T02,C1,18,1.016,"/scratch/21376026/UPFall/Subject3/Activity2/Trial2/Subject3Activity2Trial2Camera1/2018-07-05T12_07_02.359612.png"
0308_S03_A03_T01_C1_F000038.png,S03,3,T01,C1,38,1.974,"/scratch/21376026/UPFall/Subject3/Activity3/Trial1/Subject3Activity3Trial1Camera1/2018-07-05T12_07_49.396681.png"
0309_S03_A03_T01_C2_F000018.png,S03,3,T01,C2,18,1.002,"/scratch/21376026/UPFall/Subject3/Activity3/Trial1/Subject3Activity3Trial1Camera2/2018-07-05T12_07_48.424067.png"
0310_S03_A04_T01_C1_F000028.png,S03,4,T01,C1,28,1.564,"/scratch/21376026/UPFall/Subject3/Activity4/Trial1/Subject3Activity4Trial1Camera1/2018-07-05T12_09_07.261641.png"
0311_S03_A04_T03_C2_F000020.png,S03,4,T03,C2,20,1.012,"/scratch/21376026/UPFall/Subject3/Activity4/Trial3/Subject3Activity4Trial3Camera2/2018-07-05T12_09_49.033716.png"
0312_S03_A05_T02_C1_F000029.png,S03,5,T02,C1,29,1.575,"/scratch/21376026/UPFall/Subject3/Activity5/Trial2/Subject3Activity5Trial2Camera1/2018-07-05T12_10_36.083010.png"
0313_S03_A05_T03_C2_F000019.png,S03,5,T03,C2,19,1.016,"/scratch/21376026/UPFall/Subject3/Activity5/Trial3/Subject3Activity5Trial3Camera2/2018-07-05T12_10_53.629453.png"
0314_S03_A06_T01_C1_F000820.png,S03,6,T01,C1,820,43.751,"/scratch/21376026/UPFall/Subject3/Activity6/Trial1/Subject3Activity6Trial1Camera1/2018-07-05T12_11_58.832312.png"
0315_S03_A06_T02_C1_F000110.png,S03,6,T02,C1,110,5.803,"/scratch/21376026/UPFall/Subject3/Activity6/Trial2/Subject3Activity6Trial2Camera1/2018-07-05T12_12_24.900343.png"
0316_S03_A06_T02_C2_F000560.png,S03,6,T02,C2,560,30.483,"/scratch/21376026/UPFall/Subject3/Activity6/Trial2/Subject3Activity6Trial2Camera2/2018-07-05T12_12_49.580259.png"
0317_S03_A06_T03_C1_F001020.png,S03,6,T03,C1,1020,57.609,"/scratch/21376026/UPFall/Subject3/Activity6/Trial3/Subject3Activity6Trial3Camera1/2018-07-05T12_14_21.036582.png"
0318_S03_A07_T01_C1_F000310.png,S03,7,T01,C1,310,16.311,"/scratch/21376026/UPFall/Subject3/Activity7/Trial1/Subject3Activity7Trial1Camera1/2018-07-05T12_15_00.596387.png"
0319_S03_A07_T02_C1_F000040.png,S03,7,T02,C1,40,2.231,"/scratch/21376026/UPFall/Subject3/Activity7/Trial2/Subject3Activity7Trial2Camera1/2018-07-05T12_15_51.379051.png"
0320_S03_A07_T03_C2_F000680.png,S03,7,T03,C2,680,37.388,"/scratch/21376026/UPFall/Subject3/Activity7/Trial3/Subject3Activity7Trial3Camera2/2018-07-05T12_17_31.064771.png"
0321_S03_A08_T01_C1_F000031.png,S03,8,T01,C1,31,1.625,"/scratch/21376026/UPFall/Subject3/Activity8/Trial1/Subject3Activity8Trial1Camera1/2018-07-05T12_18_14.094959.png"
0322_S03_A08_T02_C2_F000019.png,S03,8,T02,C2,19,1.041,"/scratch/21376026/UPFall/Subject3/Activity8/Trial2/Subject3Activity8Trial2Camera2/2018-07-05T12_19_19.027505.png"
0323_S03_A09_T01_C1_F000080.png,S03,9,T01,C1,80,4.38,"/scratch/21376026/UPFall/Subject3/Activity9/Trial1/Subject3Activity9Trial1Camera1/2018-07-05T12_22_04.617284.png"
0324_S03_A09_T02_C2_F000010.png,S03,9,T02,C2,10,0.499,"/scratch/21376026/UPFall/Subject3/Activity9/Trial2/Subject3Activity9Trial2Camera2/2018-07-05T12_22_19.581654.png"
0325_S03_A09_T03_C2_F000140.png,S03,9,T03,C2,140,8.391,"/scratch/21376026/UPFall/Subject3/Activity9/Trial3/Subject3Activity9Trial3Camera2/2018-07-05T12_22_43.972202.png"
0326_S04_A01_T01_C2_F000019.png,S04,1,T01,C2,19,1.053,"/scratch/21376026/UPFall/Subject4/Activity1/Trial1/Subject4Activity1Trial1Camera2/2018-07-10T13_27_19.085587.png"
0327_S04_A01_T03_C1_F000029.png,S04,1,T03,C1,29,1.569,"/scratch/21376026/UPFall/Subject4/Activity1/Trial3/Subject4Activity1Trial3Camera1/2018-07-10T13_28_05.364639.png"
0328_S04_A10_T01_C1_F000000.png,S04,10,T01,C1,0,0.0,"/scratch/21376026/UPFall/Subject4/Activity10/Trial1/Subject4Activity10Trial1Camera1/2018-07-10T13_45_05.040849.png"
0329_S04_A10_T01_C2_F000010.png,S04,10,T01,C2,10,0.512,"/scratch/21376026/UPFall/Subject4/Activity10/Trial1/Subject4Activity10Trial1Camera2/2018-07-10T13_45_05.552490.png"
0330_S04_A10_T02_C2_F000300.png,S04,10,T02,C2,300,17.121,"/scratch/21376026/UPFall/Subject4/Activity10/Trial2/Subject4Activity10Trial2Camera2/2018-07-10T13_46_02.218824.png"
0331_S04_A10_T03_C1_F000290.png,S04,10,T03,C1,290,16.388,"/scratch/21376026/UPFall/Subject4/Activity10/Trial3/Subject4Activity10Trial3Camera1/2018-07-10T13_46_39.572166.png"
0332_S04_A11_T01_C1_F000020.png,S04,11,T01,C1,20,1.14,"/scratch/21376026/UPFall/Subject4/Activity11/Trial1/Subject4Activity11Trial1Camera1/2018-07-10T13_47_19.806685.png"
0333_S04_A11_T02_C2_F000700.png,S04,11,T02,C2,700,38.976,"/scratch/21376026/UPFall/Subject4/Activity11/Trial2/Subject4Activity11Trial2Camera2/2018-07-10T13_49_01.873471.png"
0334_S04_A11_T03_C1_F000360.png,S04,11,T03,C1,360,20.364,"/scratch/21376026/UPFall/Subject4/Activity11/Trial3/Subject4Activity11Trial3Camera1/2018-07-10T13_49_47.531899.png"
0335_S04_A11_T03_C2_F000500.png,S04,11,T03,C2,500,28.203,"/scratch/21376026/UPFall/Subject4/Activity11/Trial3/Subject4Activity11Trial3Camera2/2018-07-10T13_49_55.371710.png"
0336_S04_A02_T01_C2_F000019.png,S04,2,T01,C2,19,1.012,"/scratch/21376026/UPFall/Subject4/Activity2/Trial1/Subject4Activity2Trial1Camera2/2018-07-10T13_28_28.938866.png"
0337_S04_A02_T03_C1_F000029.png,S04,2,T03,C1,29,1.551,"/scratch/21376026/UPFall/Subject4/Activity2/Trial3/Subject4Activity2Trial3Camera1/2018-07-10T13_29_04.828075.png"
0338_S04_A03_T02_C1_F000019.png,S04,3,T02,C1,19,1.014,"/scratch/21376026/UPFall/Subject4/Activity3/Trial2/Subject4Activity3Trial2Camera1/2018-07-10T13_29_49.469741.png"
0339_S04_A03_T03_C2_F000019.png,S04,3,T03,C2,19,1.002,"/scratch/21376026/UPFall/Subject4/Activity3/Trial3/Subject4Activity3Trial3Camera2/2018-07-10T13_30_20.874517.png"
0340_S04_A04_T01_C2_F000019.png,S04,4,T01,C2,19,1.044,"/scratch/21376026/UPFall/Subject4/Activity4/Trial1/Subject4Activity4Trial1Camera2/2018-07-10T13_30_53.047884.png"
0341_S04_A04_T02_C1_F000020.png,S04,4,T02,C1,20,1.04,"/scratch/21376026/UPFall/Subject4/Activity4/Trial2/Subject4Activity4Trial2Camera1/2018-07-10T13_31_20.201354.png"
0342_S04_A05_T01_C1_F000029.png,S04,5,T01,C1,29,1.623,"/scratch/21376026/UPFall/Subject4/Activity5/Trial1/Subject4Activity5Trial1Camera1/2018-07-10T13_32_16.031172.png"
0343_S04_A05_T03_C2_F000030.png,S04,5,T03,C2,30,1.608,"/scratch/21376026/UPFall/Subject4/Activity5/Trial3/Subject4Activity5Trial3Camera2/2018-07-10T13_32_52.938667.png"
0344_S04_A06_T02_C2_F000020.png,S04,6,T02,C2,20,1.059,"/scratch/21376026/UPFall/Subject4/Activity6/Trial2/Subject4Activity6Trial2Camera2/2018-07-10T13_34_16.172066.png"
0345_S04_A06_T03_C1_F000970.png,S04,6,T03,C1,970,53.438,"/scratch/21376026/UPFall/Subject4/Activity6/Trial3/Subject4Activity6Trial3Camera1/2018-07-10T13_36_12.519276.png"
0346_S04_A06_T03_C2_F000400.png,S04,6,T03,C2,400,22.206,"/scratch/21376026/UPFall/Subject4/Activity6/Trial3/Subject4Activity6Trial3Camera2/2018-07-10T13_35_41.288021.png"
0347_S04_A07_T01_C1_F000050.png,S04,7,T01,C1,50,2.763,"/scratch/21376026/UPFall/Subject4/Activity7/Trial1/Subject4Activity7Trial1Camera1/2018-07-10T13_36_40.940862.png"
0348_S04_A07_T01_C2_F001080.png,S04,7,T01,C2,1080,59.681,"/scratch/21376026/UPFall/Subject4/Activity7/Trial1/Subject4Activity7Trial1Camera2/2018-07-10T13_37_37.858643.png"
0349_S04_A07_T02_C1_F000350.png,S04,7,T02,C1,350,19.532,"/scratch/21376026/UPFall/Subject4/Activity7/Trial2/Subject4Activity7Trial2Camera1/2018-07-10T13_38_01.286129.png"
0350_S04_A07_T02_C2_F000970.png,S04,7,T02,C2,970,54.512,"/scratch/21376026/UPFall/Subject4/Activity7/Trial2/Subject4Activity7Trial2Camera2/2018-07-10T13_38_36.266416.png"
0351_S04_A07_T03_C1_F000580.png,S04,7,T03,C1,580,32.643,"/scratch/21376026/UPFall/Subject4/Activity7/Trial3/Subject4Activity7Trial3Camera1/2018-07-10T13_39_18.709620.png"
0352_S04_A08_T02_C1_F000018.png,S04,8,T02,C1,18,1.018,"/scratch/21376026/UPFall/Subject4/Activity8/Trial2/Subject4Activity8Trial2Camera1/2018-07-10T13_41_14.869987.png"
0353_S04_A08_T03_C2_F000016.png,S04,8,T03,C2,16,1.029,"/scratch/21376026/UPFall/Subject4/Activity8/Trial3/Subject4Activity8Trial3Camera2/2018-07-10T13_42_20.084391.png"
0354_S04_A09_T01_C1_F000070.png,S04,9,T01,C1,70,3.854,"/scratch/21376026/UPFall/Subject4/Activity9/Trial1/Subject4Activity9Trial1Camera1/2018-07-10T13_44_04.274728.png"
0355_S04_A09_T01_C2_F000160.png,S04,9,T01,C2,160,9.0,"/scratch/21376026/UPFall/Subject4/Activity9/Trial1/Subject4Activity9Trial1Camera2/2018-07-10T13_44_09.420718.png"
0356_S05_A01_T02_C1_F000019.png,S05,1,T02,C1,19,1.009,"/scratch/21376026/UPFall/Subject5/Activity1/Trial2/Subject5Activity1Trial2Camera1/2018-07-06T10_41_33.671743.png"
0357_S05_A01_T02_C2_F000019.png,S05,1,T02,C2,19,1.009,"/scratch/21376026/UPFall/Subject5/Activity1/Trial2/Subject5Activity1Trial2Camera2/2018-07-06T10_41_33.671743.png"
0358_S05_A10_T01_C1_F000010.png,S05,10,T01,C1,10,0.578,"/scratch/21376026/UPFall/Subject5/Activity10/Trial1/Subject5Activity10Trial1Camera1/2018-07-06T11_01_02.362751.png"
0359_S05_A10_T03_C2_F000460.png,S05,10,T03,C2,460,24.53,"/scratch/21376026/UPFall/Subject5/Activity10/Trial3/Subject5Activity10Trial3Camera2/2018-07-06T11_02_54.583449.png"
0360_S05_A11_T01_C1_F000200.png,S05,11,T01,C1,200,10.741,"/scratch/21376026/UPFall/Subject5/Activity11/Trial1/Subject5Activity11Trial1Camera1/2018-07-06T11_03_39.511945.png"
0361_S05_A11_T01_C2_F000810.png,S05,11,T01,C2,810,44.719,"/scratch/21376026/UPFall/Subject5/Activity11/Trial1/Subject5Activity11Trial1Camera2/2018-07-06T11_04_13.490596.png"
0362_S05_A11_T02_C1_F000720.png,S05,11,T02,C1,720,39.999,"/scratch/21376026/UPFall/Subject5/Activity11/Trial2/Subject5Activity11Trial2Camera1/2018-07-06T11_05_13.757987.png"
0363_S05_A11_T02_C2_F000060.png,S05,11,T02,C2,60,3.218,"/scratch/21376026/UPFall/Subject5/Activity11/Trial2/Subject5Activity11Trial2Camera2/2018-07-06T11_04_36.976248.png"
0364_S05_A11_T03_C1_F000680.png,S05,11,T03,C1,680,38.756,"/scratch/21376026/UPFall/Subject5/Activity11/Trial3/Subject5Activity11Trial3Camera1/2018-07-06T11_06_17.615900.png"
0365_S05_A11_T03_C2_F000450.png,S05,11,T03,C2,450,25.724,"/scratch/21376026/UPFall/Subject5/Activity11/Trial3/Subject5Activity11Trial3Camera2/2018-07-06T11_06_04.584277.png"
0366_S05_A02_T01_C1_F000037.png,S05,2,T01,C1,37,1.98,"/scratch/21376026/UPFall/Subject5/Activity2/Trial1/Subject5Activity2Trial1Camera1/2018-07-06T10_43_07.443755.png"
0367_S05_A02_T03_C2_F000019.png,S05,2,T03,C2,19,1.01,"/scratch/21376026/UPFall/Subject5/Activity2/Trial3/Subject5Activity2Trial3Camera2/2018-07-06T10_43_41.007942.png"
0368_S05_A03_T02_C1_F000019.png,S05,3,T02,C1,19,1.04,"/scratch/21376026/UPFall/Subject5/Activity3/Trial2/Subject5Activity3Trial2Camera1/2018-07-06T10_44_41.333741.png"
0369_S05_A03_T02_C2_F000019.png,S05,3,T02,C2,19,1.04,"/scratch/21376026/UPFall/Subject5/Activity3/Trial2/Subject5Activity3Trial2Camera2/2018-07-06T10_44_41.333741.png"
0370_S05_A04_T03_C1_F000028.png,S05,4,T03,C1,28,1.53,"/scratch/21376026/UPFall/Subject5/Activity4/Trial3/Subject5Activity4Trial3Camera1/2018-07-06T10_46_33.177062.png"
0371_S05_A04_T03_C2_F000028.png,S05,4,T03,C2,28,1.53,"/scratch/21376026/UPFall/Subject5/Activity4/Trial3/Subject5Activity4Trial3Camera2/2018-07-06T10_46_33.177062.png"
0372_S05_A05_T01_C1_F000019.png,S05,5,T01,C1,19,1.02,"/scratch/21376026/UPFall/Subject5/Activity5/Trial1/Subject5Activity5Trial1Camera1/2018-07-06T10_47_20.229116.png"
0373_S05_A05_T03_C2_F000028.png,S05,5,T03,C2,28,1.501,"/scratch/21376026/UPFall/Subject5/Activity5/Trial3/Subject5Activity5Trial3Camera2/2018-07-06T10_48_02.803365.png"
0374_S05_A06_T01_C2_F000450.png,S05,6,T01,C2,450,24.378,"/scratch/21376026/UPFall/Subject5/Activity6/Trial1/Subject5Activity6Trial1Camera2/2018-07-06T10_48_59.523835.png"
0375_S05_A06_T02_C1_F000810.png,S05,6,T02,C1,810,43.593,"/scratch/21376026/UPFall/Subject5/Activity6/Trial2/Subject5Activity6Trial2Camera1/2018-07-06T10_50_27.896956.png"
0376_S05_A06_T02_C2_F000920.png,S05,6,T02,C2,920,49.674,"/scratch/21376026/UPFall/Subject5/Activity6/Trial2/Subject5Activity6Trial2Camera2/2018-07-06T10_50_33.977957.png"
0377_S05_A06_T03_C1_F000520.png,S05,6,T03,C1,520,28.378,"/scratch/21376026/UPFall/Subject5/Activity6/Trial3/Subject5Activity6Trial3Camera1/2018-07-06T10_51_16.496228.png"
0378_S05_A06_T03_C2_F000880.png,S05,6,T03,C2,880,47.895,"/scratch/21376026/UPFall/Subject5/Activity6/Trial3/Subject5Activity6Trial3Camera2/2018-07-06T10_51_36.012731.png"
0379_S05_A07_T01_C1_F000810.png,S05,7,T01,C1,810,45.592,"/scratch/21376026/UPFall/Subject5/Activity7/Trial1/Subject5Activity7Trial1Camera1/2018-07-06T10_53_06.956870.png"
0380_S05_A07_T01_C2_F000540.png,S05,7,T01,C2,540,30.687,"/scratch/21376026/UPFall/Subject5/Activity7/Trial1/Subject5Activity7Trial1Camera2/2018-07-06T10_52_52.051726.png"
0381_S05_A07_T03_C1_F000660.png,S05,7,T03,C1,660,35.021,"/scratch/21376026/UPFall/Subject5/Activity7/Trial3/Subject5Activity7Trial3Camera1/2018-07-06T10_55_04.703797.png"
0382_S05_A08_T03_C1_F000020.png,S05,8,T03,C1,20,1.03,"/scratch/21376026/UPFall/Subject5/Activity8/Trial3/Subject5Activity8Trial3Camera1/2018-07-06T10_58_05.454725.png"
0383_S05_A08_T03_C2_F000030.png,S05,8,T03,C2,30,1.592,"/scratch/21376026/UPFall/Subject5/Activity8/Trial3/Subject5Activity8Trial3Camera2/2018-07-06T10_58_06.016248.png"
0384_S05_A09_T01_C1_F000110.png,S05,9,T01,C1,110,5.844,"/scratch/21376026/UPFall/Subject5/Activity9/Trial1/Subject5Activity9Trial1Camera1/2018-07-06T10_59_58.049806.png"
0385_S05_A09_T01_C2_F000120.png,S05,9,T01,C2,120,6.323,"/scratch/21376026/UPFall/Subject5/Activity9/Trial1/Subject5Activity9Trial1Camera2/2018-07-06T10_59_58.529598.png"
0386_S06_A01_T01_C2_F000025.png,S06,1,T01,C2,25,1.691,"/scratch/21376026/UPFall/Subject6/Activity1/Trial1/Subject6Activity1Trial1Camera2/2018-07-06T11_40_39.922097.png"
0387_S06_A01_T02_C1_F000015.png,S06,1,T02,C1,15,1.019,"/scratch/21376026/UPFall/Subject6/Activity1/Trial2/Subject6Activity1Trial2Camera1/2018-07-06T11_41_05.855665.png"
0388_S06_A10_T01_C2_F000210.png,S06,10,T01,C2,210,14.331,"/scratch/21376026/UPFall/Subject6/Activity10/Trial1/Subject6Activity10Trial1Camera2/2018-07-06T12_02_34.227272.png"
0389_S06_A10_T02_C2_F000270.png,S06,10,T02,C2,270,18.724,"/scratch/21376026/UPFall/Subject6/Activity10/Trial2/Subject6Activity10Trial2Camera2/2018-07-06T12_03_18.828754.png"
0390_S06_A10_T03_C1_F000010.png,S06,10,T03,C1,10,0.669,"/scratch/21376026/UPFall/Subject6/Activity10/Trial3/Subject6Activity10Trial3Camera1/2018-07-06T12_03_36.109985.png"
0391_S06_A10_T03_C2_F000220.png,S06,10,T03,C2,220,14.789,"/scratch/21376026/UPFall/Subject6/Activity10/Trial3/Subject6Activity10Trial3Camera2/2018-07-06T12_03_50.229676.png"
0392_S06_A11_T01_C1_F000650.png,S06,11,T01,C1,650,44.462,"/scratch/21376026/UPFall/Subject6/Activity11/Trial1/Subject6Activity11Trial1Camera1/2018-07-06T12_05_15.501130.png"
0393_S06_A11_T02_C1_F000050.png,S06,11,T02,C1,50,3.334,"/scratch/21376026/UPFall/Subject6/Activity11/Trial2/Subject6Activity11Trial2Camera1/2018-07-06T12_05_38.495835.png"
0394_S06_A11_T03_C2_F000180.png,S06,11,T03,C2,180,12.156,"/scratch/21376026/UPFall/Subject6/Activity11/Trial3/Subject6Activity11Trial3Camera2/2018-07-06T12_06_51.049180.png"
0395_S06_A02_T01_C2_F000025.png,S06,2,T01,C2,25,1.663,"/scratch/21376026/UPFall/Subject6/Activity2/Trial1/Subject6Activity2Trial1Camera2/2018-07-06T11_43_08.364882.png"
0396_S06_A02_T03_C1_F000026.png,S06,2,T03,C1,26,1.72,"/scratch/21376026/UPFall/Subject6/Activity2/Trial3/Subject6Activity2Trial3Camera1/2018-07-06T11_44_11.028635.png"
0397_S06_A03_T01_C2_F000025.png,S06,3,T01,C2,25,1.659,"/scratch/21376026/UPFall/Subject6/Activity3/Trial1/Subject6Activity3Trial1Camera2/2018-07-06T11_45_32.289325.png"
0398_S06_A03_T02_C1_F000015.png,S06,3,T02,C1,15,1.001,"/scratch/21376026/UPFall/Subject6/Activity3/Trial2/Subject6Activity3Trial2Camera1/2018-07-06T11_45_51.302546.png"
0399_S06_A04_T01_C1_F000026.png,S06,4,T01,C1,26,1.726,"/scratch/21376026/UPFall/Subject6/Activity4/Trial1/Subject6Activity4Trial1Camera1/2018-07-06T11_46_36.826871.png"
0400_S06_A04_T01_C2_F000016.png,S06,4,T01,C2,16,1.071,"/scratch/21376026/UPFall/Subject6/Activity4/Trial1/Subject6Activity4Trial1Camera2/2018-07-06T11_46_36.172331.png"
0401_S06_A05_T01_C2_F000025.png,S06,5,T01,C2,25,1.67,"/scratch/21376026/UPFall/Subject6/Activity5/Trial1/Subject6Activity5Trial1Camera2/2018-07-06T11_48_00.701517.png"
0402_S06_A05_T03_C1_F000026.png,S06,5,T03,C1,26,1.731,"/scratch/21376026/UPFall/Subject6/Activity5/Trial3/Subject6Activity5Trial3Camera1/2018-07-06T11_48_47.692633.png"
0403_S06_A06_T01_C1_F000080.png,S06,6,T01,C1,80,5.341,"/scratch/21376026/UPFall/Subject6/Activity6/Trial1/Subject6Activity6Trial1Camera1/2018-07-06T11_49_23.433555.png"
0404_S06_A06_T02_C2_F000620.png,S06,6,T02,C2,620,41.357,"/scratch/21376026/UPFall/Subject6/Activity6/Trial2/Subject6Activity6Trial2Camera2/2018-07-06T11_51_02.990521.png"
0405_S06_A06_T03_C1_F000730.png,S06,6,T03,C1,730,48.741,"/scratch/21376026/UPFall/Subject6/Activity6/Trial3/Subject6Activity6Trial3Camera1/2018-07-06T11_52_31.434376.png"
0406_S06_A07_T01_C1_F000240.png,S06,7,T01,C1,240,16.46,"/scratch/21376026/UPFall/Subject6/Activity7/Trial1/Subject6Activity7Trial1Camera1/2018-07-06T11_53_36.424994.png"
0407_S06_A07_T01_C2_F000420.png,S06,7,T01,C2,420,28.592,"/scratch/21376026/UPFall/Subject6/Activity7/Trial1/Subject6Activity7Trial1Camera2/2018-07-06T11_53_48.556733.png"
0408_S06_A07_T02_C2_F000430.png,S06,7,T02,C2,430,29.681,"/scratch/21376026/UPFall/Subject6/Activity7/Trial2/Subject6Activity7Trial2Camera2/2018-07-06T11_55_13.035959.png"
0409_S06_A07_T03_C1_F000420.png,S06,7,T03,C1,420,28.667,"/scratch/21376026/UPFall/Subject6/Activity7/Trial3/Subject6Activity7Trial3Camera1/2018-07-06T11_56_15.963494.png"
0410_S06_A08_T01_C1_F000025.png,S06,8,T01,C1,25,1.664,"/scratch/21376026/UPFall/Subject6/Activity8/Trial1/Subject6Activity8Trial1Camera1/2018-07-06T11_57_07.950692.png"
0411_S06_A08_T01_C2_F000015.png,S06,8,T01,C2,15,1.007,"/scratch/21376026/UPFall/Subject6/Activity8/Trial1/Subject6Activity8Trial1Camera2/2018-07-06T11_57_07.294422.png"
0412_S06_A09_T02_C1_F000000.png,S06,9,T02,C1,0,0.0,"/scratch/21376026/UPFall/Subject6/Activity9/Trial2/Subject6Activity9Trial2Camera1/2018-07-06T12_01_21.229576.png"
0413_S06_A09_T02_C2_F000110.png,S06,9,T02,C2,110,7.804,"/scratch/21376026/UPFall/Subject6/Activity9/Trial2/Subject6Activity9Trial2Camera2/2018-07-06T12_01_29.033170.png"
0414_S07_A01_T01_C1_F000030.png,S07,1,T01,C1,30,1.564,"/scratch/21376026/UPFall/Subject7/Activity1/Trial1/Subject7Activity1Trial1Camera1/2018-07-06T12_42_38.924936.png"
0415_S07_A01_T01_C2_F000030.png,S07,1,T01,C2,30,1.564,"/scratch/21376026/UPFall/Subject7/Activity1/Trial1/Subject7Activity1Trial1Camera2/2018-07-06T12_42_38.924936.png"
0416_S07_A10_T01_C2_F000390.png,S07,10,T01,C2,390,20.469,"/scratch/21376026/UPFall/Subject7/Activity10/Trial1/Subject7Activity10Trial1Camera2/2018-07-06T13_02_15.572547.png"
0417_S07_A10_T03_C1_F000190.png,S07,10,T03,C1,190,9.779,"/scratch/21376026/UPFall/Subject7/Activity10/Trial3/Subject7Activity10Trial3Camera1/2018-07-06T13_03_24.884295.png"
0418_S07_A10_T03_C2_F000220.png,S07,10,T03,C2,220,11.312,"/scratch/21376026/UPFall/Subject7/Activity10/Trial3/Subject7Activity10Trial3Camera2/2018-07-06T13_03_26.416595.png"
0419_S07_A11_T01_C1_F000500.png,S07,11,T01,C1,500,26.91,"/scratch/21376026/UPFall/Subject7/Activity11/Trial1/Subject7Activity11Trial1Camera1/2018-07-06T13_04_36.453605.png"
0420_S07_A11_T02_C1_F000280.png,S07,11,T02,C1,280,16.283,"/scratch/21376026/UPFall/Subject7/Activity11/Trial2/Subject7Activity11Trial2Camera1/2018-07-06T13_05_32.341716.png"
0421_S07_A11_T02_C2_F000820.png,S07,11,T02,C2,820,46.748,"/scratch/21376026/UPFall/Subject7/Activity11/Trial2/Subject7Activity11Trial2Camera2/2018-07-06T13_06_02.806528.png"
0422_S07_A11_T03_C1_F000270.png,S07,11,T03,C1,270,15.128,"/scratch/21376026/UPFall/Subject7/Activity11/Trial3/Subject7Activity11Trial3Camera1/2018-07-06T13_06_35.158274.png"
0423_S07_A11_T03_C2_F000520.png,S07,11,T03,C2,520,29.243,"/scratch/21376026/UPFall/Subject7/Activity11/Trial3/Subject7Activity11Trial3Camera2/2018-07-06T13_06_49.273006.png"
0424_S07_A02_T02_C1_F000031.png,S07,2,T02,C1,31,1.563,"/scratch/21376026/UPFall/Subject7/Activity2/Trial2/Subject7Activity2Trial2Camera1/2018-07-06T12_44_20.548283.png"
0425_S07_A02_T02_C2_F000021.png,S07,2,T02,C2,21,1.065,"/scratch/21376026/UPFall/Subject7/Activity2/Trial2/Subject7Activity2Trial2Camera2/2018-07-06T12_44_20.050929.png"
0426_S07_A03_T01_C1_F000029.png,S07,3,T01,C1,29,1.468,"/scratch/21376026/UPFall/Subject7/Activity3/Trial1/Subject7Activity3Trial1Camera1/2018-07-06T12_45_05.656985.png"
0427_S07_A03_T01_C2_F000029.png,S07,3,T01,C2,29,1.468,"/scratch/21376026/UPFall/Subject7/Activity3/Trial1/Subject7Activity3Trial1Camera2/2018-07-06T12_45_05.656985.png"
0428_S07_A04_T03_C1_F000021.png,S07,4,T03,C1,21,1.047,"/scratch/21376026/UPFall/Subject7/Activity4/Trial3/Subject7Activity4Trial3Camera1/2018-07-06T12_47_13.778095.png"
0429_S07_A04_T03_C2_F000021.png,S07,4,T03,C2,21,1.047,"/scratch/21376026/UPFall/Subject7/Activity4/Trial3/Subject7Activity4Trial3Camera2/2018-07-06T12_47_13.778095.png"
0430_S07_A05_T01_C2_F000030.png,S07,5,T01,C2,30,1.578,"/scratch/21376026/UPFall/Subject7/Activity5/Trial1/Subject7Activity5Trial1Camera2/2018-07-06T12_47_48.520568.png"
0431_S07_A05_T02_C1_F000030.png,S07,5,T02,C1,30,1.564,"/scratch/21376026/UPFall/Subject7/Activity5/Trial2/Subject7Activity5Trial2Camera1/2018-07-06T12_48_05.693419.png"
0432_S07_A06_T01_C1_F001120.png,S07,6,T01,C1,1120,59.834,"/scratch/21376026/UPFall/Subject7/Activity6/Trial1/Subject7Activity6Trial1Camera1/2018-07-06T12_49_48.132043.png"
0433_S07_A06_T02_C2_F000520.png,S07,6,T02,C2,520,27.439,"/scratch/21376026/UPFall/Subject7/Activity6/Trial2/Subject7Activity6Trial2Camera2/2018-07-06T12_50_20.505858.png"
0434_S07_A06_T03_C2_F000840.png,S07,6,T03,C2,840,44.622,"/scratch/21376026/UPFall/Subject7/Activity6/Trial3/Subject7Activity6Trial3Camera2/2018-07-06T12_51_42.204514.png"
0435_S07_A07_T01_C1_F000460.png,S07,7,T01,C1,460,25.26,"/scratch/21376026/UPFall/Subject7/Activity7/Trial1/Subject7Activity7Trial1Camera1/2018-07-06T12_52_50.000564.png"
0436_S07_A07_T01_C2_F000060.png,S07,7,T01,C2,60,3.282,"/scratch/21376026/UPFall/Subject7/Activity7/Trial1/Subject7Activity7Trial1Camera2/2018-07-06T12_52_28.022253.png"
0437_S07_A07_T02_C1_F000590.png,S07,7,T02,C1,590,33.22,"/scratch/21376026/UPFall/Subject7/Activity7/Trial2/Subject7Activity7Trial2Camera1/2018-07-06T12_54_08.789529.png"
0438_S07_A07_T02_C2_F000700.png,S07,7,T02,C2,700,39.33,"/scratch/21376026/UPFall/Subject7/Activity7/Trial2/Subject7Activity7Trial2Camera2/2018-07-06T12_54_14.899437.png"
0439_S07_A08_T01_C1_F000030.png,S07,8,T01,C1,30,1.635,"/scratch/21376026/UPFall/Subject7/Activity8/Trial1/Subject7Activity8Trial1Camera1/2018-07-06T12_56_14.492817.png"
0440_S07_A08_T01_C2_F000030.png,S07,8,T01,C2,30,1.635,"/scratch/21376026/UPFall/Subject7/Activity8/Trial1/Subject7Activity8Trial1Camera2/2018-07-06T12_56_14.492817.png"
0441_S07_A09_T01_C1_F000160.png,S07,9,T01,C1,160,8.391,"/scratch/21376026/UPFall/Subject7/Activity9/Trial1/Subject7Activity9Trial1Camera1/2018-07-06T13_00_54.416668.png"
0442_S07_A09_T01_C2_F000070.png,S07,9,T01,C2,70,3.731,"/scratch/21376026/UPFall/Subject7/Activity9/Trial1/Subject7Activity9Trial1Camera2/2018-07-06T13_00_49.757216.png"
0443_S08_A01_T03_C1_F000030.png,S08,1,T03,C1,30,1.564,"/scratch/21376026/UPFall/Subject8/Activity1/Trial3/Subject8Activity1Trial3Camera1/2018-07-09T10_21_09.150425.png"
0444_S08_A01_T03_C2_F000020.png,S08,1,T03,C2,20,1.018,"/scratch/21376026/UPFall/Subject8/Activity1/Trial3/Subject8Activity1Trial3Camera2/2018-07-09T10_21_08.604971.png"
0445_S08_A10_T02_C1_F000280.png,S08,10,T02,C1,280,15.437,"/scratch/21376026/UPFall/Subject8/Activity10/Trial2/Subject8Activity10Trial2Camera1/2018-07-09T10_38_11.885012.png"
0446_S08_A10_T03_C1_F000210.png,S08,10,T03,C1,210,11.437,"/scratch/21376026/UPFall/Subject8/Activity10/Trial3/Subject8Activity10Trial3Camera1/2018-07-09T10_38_45.776761.png"
0447_S08_A10_T03_C2_F000500.png,S08,10,T03,C2,500,27.312,"/scratch/21376026/UPFall/Subject8/Activity10/Trial3/Subject8Activity10Trial3Camera2/2018-07-09T10_39_01.651188.png"
0448_S08_A11_T01_C1_F000290.png,S08,11,T01,C1,290,15.608,"/scratch/21376026/UPFall/Subject8/Activity11/Trial1/Subject8Activity11Trial1Camera1/2018-07-09T10_40_03.717039.png"
0449_S08_A11_T01_C2_F000360.png,S08,11,T01,C2,360,19.371,"/scratch/21376026/UPFall/Subject8/Activity11/Trial1/Subject8Activity11Trial1Camera2/2018-07-09T10_40_07.479940.png"
0450_S08_A02_T02_C2_F000020.png,S08,2,T02,C2,20,1.032,"/scratch/21376026/UPFall/Subject8/Activity2/Trial2/Subject8Activity2Trial2Camera2/2018-07-09T10_21_52.526299.png"
0451_S08_A02_T03_C1_F000017.png,S08,2,T03,C1,17,1.032,"/scratch/21376026/UPFall/Subject8/Activity2/Trial3/Subject8Activity2Trial3Camera1/2018-07-09T10_22_13.885632.png"
0452_S08_A03_T01_C1_F000029.png,S08,3,T01,C1,29,1.57,"/scratch/21376026/UPFall/Subject8/Activity3/Trial1/Subject8Activity3Trial1Camera1/2018-07-09T10_22_41.659369.png"
0453_S08_A03_T01_C2_F000019.png,S08,3,T01,C2,19,1.03,"/scratch/21376026/UPFall/Subject8/Activity3/Trial1/Subject8Activity3Trial1Camera2/2018-07-09T10_22_41.119395.png"
0454_S08_A04_T01_C2_F000029.png,S08,4,T01,C2,29,1.565,"/scratch/21376026/UPFall/Subject8/Activity4/Trial1/Subject8Activity4Trial1Camera2/2018-07-09T10_23_57.775759.png"
0455_S08_A04_T03_C1_F000019.png,S08,4,T03,C1,19,1.054,"/scratch/21376026/UPFall/Subject8/Activity4/Trial3/Subject8Activity4Trial3Camera1/2018-07-09T10_24_38.713115.png"
0456_S08_A05_T02_C2_F000019.png,S08,5,T02,C2,19,1.158,"/scratch/21376026/UPFall/Subject8/Activity5/Trial2/Subject8Activity5Trial2Camera2/2018-07-09T10_25_22.783391.png"
0457_S08_A05_T03_C1_F000031.png,S08,5,T03,C1,31,1.621,"/scratch/21376026/UPFall/Subject8/Activity5/Trial3/Subject8Activity5Trial3Camera1/2018-07-09T10_25_42.168891.png"
0458_S08_A06_T01_C1_F000030.png,S08,6,T01,C1,30,1.69,"/scratch/21376026/UPFall/Subject8/Activity6/Trial1/Subject8Activity6Trial1Camera1/2018-07-09T10_26_02.168371.png"
0459_S08_A06_T01_C2_F000640.png,S08,6,T01,C2,640,36.738,"/scratch/21376026/UPFall/Subject8/Activity6/Trial1/Subject8Activity6Trial1Camera2/2018-07-09T10_26_37.217310.png"
0460_S08_A06_T02_C1_F000460.png,S08,6,T02,C1,460,26.557,"/scratch/21376026/UPFall/Subject8/Activity6/Trial2/Subject8Activity6Trial2Camera1/2018-07-09T10_27_30.365132.png"
0461_S08_A06_T02_C2_F000130.png,S08,6,T02,C2,130,7.645,"/scratch/21376026/UPFall/Subject8/Activity6/Trial2/Subject8Activity6Trial2Camera2/2018-07-09T10_27_11.452364.png"
0462_S08_A06_T03_C1_F000390.png,S08,6,T03,C1,390,22.478,"/scratch/21376026/UPFall/Subject8/Activity6/Trial3/Subject8Activity6Trial3Camera1/2018-07-09T10_28_29.497085.png"
0463_S08_A07_T01_C1_F000520.png,S08,7,T01,C1,520,29.704,"/scratch/21376026/UPFall/Subject8/Activity7/Trial1/Subject8Activity7Trial1Camera1/2018-07-09T10_29_53.976180.png"
0464_S08_A07_T01_C2_F000280.png,S08,7,T01,C2,280,15.615,"/scratch/21376026/UPFall/Subject8/Activity7/Trial1/Subject8Activity7Trial1Camera2/2018-07-09T10_29_39.886659.png"
0465_S08_A07_T02_C1_F000650.png,S08,7,T02,C1,650,36.324,"/scratch/21376026/UPFall/Subject8/Activity7/Trial2/Subject8Activity7Trial2Camera1/2018-07-09T10_31_04.211781.png"
0466_S08_A07_T02_C2_F000060.png,S08,7,T02,C2,60,3.22,"/scratch/21376026/UPFall/Subject8/Activity7/Trial2/Subject8Activity7Trial2Camera2/2018-07-09T10_30_31.107534.png"
0467_S08_A07_T03_C2_F001000.png,S08,7,T03,C2,1000,55.706,"/scratch/21376026/UPFall/Subject8/Activity7/Trial3/Subject8Activity7Trial3Camera2/2018-07-09T10_32_26.736383.png"
0468_S08_A08_T01_C1_F000020.png,S08,8,T01,C1,20,1.023,"/scratch/21376026/UPFall/Subject8/Activity8/Trial1/Subject8Activity8Trial1Camera1/2018-07-09T10_32_56.657537.png"
0469_S08_A08_T02_C2_F000017.png,S08,8,T02,C2,17,1.003,"/scratch/21376026/UPFall/Subject8/Activity8/Trial2/Subject8Activity8Trial2Camera2/2018-07-09T10_34_00.287299.png"
0470_S08_A09_T01_C2_F000080.png,S08,9,T01,C2,80,4.368,"/scratch/21376026/UPFall/Subject8/Activity9/Trial1/Subject8Activity9Trial1Camera2/2018-07-09T10_36_26.304694.png"
0471_S08_A09_T02_C1_F000060.png,S08,9,T02,C1,60,3.153,"/scratch/21376026/UPFall/Subject8/Activity9/Trial2/Subject8Activity9Trial2Camera1/2018-07-09T10_36_40.929155.png"
0472_S09_A01_T02_C1_F000027.png,S09,1,T02,C1,27,1.544,"/scratch/21376026/UPFall/Subject9/Activity1/Trial2/Subject9Activity1Trial2Camera1/2018-07-09T11_58_41.276220.png"
0473_S09_A01_T02_C2_F000017.png,S09,1,T02,C2,17,1.003,"/scratch/21376026/UPFall/Subject9/Activity1/Trial2/Subject9Activity1Trial2Camera2/2018-07-09T11_58_40.735631.png"
0474_S09_A10_T01_C1_F000300.png,S09,10,T01,C1,300,16.188,"/scratch/21376026/UPFall/Subject9/Activity10/Trial1/Subject9Activity10Trial1Camera1/2018-07-09T12_21_16.099870.png"
0475_S09_A10_T01_C2_F000180.png,S09,10,T01,C2,180,9.844,"/scratch/21376026/UPFall/Subject9/Activity10/Trial1/Subject9Activity10Trial1Camera2/2018-07-09T12_21_09.755694.png"
0476_S09_A10_T02_C1_F000270.png,S09,10,T02,C1,270,14.886,"/scratch/21376026/UPFall/Subject9/Activity10/Trial2/Subject9Activity10Trial2Camera1/2018-07-09T12_21_51.033608.png"
0477_S09_A10_T02_C2_F000130.png,S09,10,T02,C2,130,7.126,"/scratch/21376026/UPFall/Subject9/Activity10/Trial2/Subject9Activity10Trial2Camera2/2018-07-09T12_21_43.273761.png"
0478_S09_A10_T03_C1_F000330.png,S09,10,T03,C1,330,17.795,"/scratch/21376026/UPFall/Subject9/Activity10/Trial3/Subject9Activity10Trial3Camera1/2018-07-09T12_22_37.388010.png"
0479_S09_A10_T03_C2_F000240.png,S09,10,T03,C2,240,12.757,"/scratch/21376026/UPFall/Subject9/Activity10/Trial3/Subject9Activity10Trial3Camera2/2018-07-09T12_22_32.350399.png"
0480_S09_A11_T01_C1_F001040.png,S09,11,T01,C1,1040,57.037,"/scratch/21376026/UPFall/Subject9/Activity11/Trial1/Subject9Activity11Trial1Camera1/2018-07-09T12_24_22.749133.png"
0481_S09_A11_T02_C2_F000440.png,S09,11,T02,C2,440,24.559,"/scratch/21376026/UPFall/Subject9/Activity11/Trial2/Subject9Activity11Trial2Camera2/2018-07-09T12_24_54.453372.png"
0482_S09_A11_T03_C2_F000850.png,S09,11,T03,C2,850,45.858,"/scratch/21376026/UPFall/Subject9/Activity11/Trial3/Subject9Activity11Trial3Camera2/2018-07-09T12_26_20.275899.png"
0483_S09_A02_T01_C1_F000019.png,S09,2,T01,C1,19,1.001,"/scratch/21376026/UPFall/Subject9/Activity2/Trial1/Subject9Activity2Trial1Camera1/2018-07-09T11_59_47.853344.png"
0484_S09_A02_T02_C2_F000017.png,S09,2,T02,C2,17,1.01,"/scratch/21376026/UPFall/Subject9/Activity2/Trial2/Subject9Activity2Trial2Camera2/2018-07-09T12_00_13.257527.png"
0485_S09_A03_T03_C1_F000029.png,S09,3,T03,C1,29,1.703,"/scratch/21376026/UPFall/Subject9/Activity3/Trial3/Subject9Activity3Trial3Camera1/2018-07-09T12_04_25.613203.png"
0486_S09_A03_T03_C2_F000019.png,S09,3,T03,C2,19,1.032,"/scratch/21376026/UPFall/Subject9/Activity3/Trial3/Subject9Activity3Trial3Camera2/2018-07-09T12_04_24.942405.png"
0487_S09_A04_T02_C1_F000017.png,S09,4,T02,C1,17,1.007,"/scratch/21376026/UPFall/Subject9/Activity4/Trial2/Subject9Activity4Trial2Camera1/2018-07-09T12_06_02.252456.png"
0488_S09_A04_T03_C2_F000028.png,S09,4,T03,C2,28,1.928,"/scratch/21376026/UPFall/Subject9/Activity4/Trial3/Subject9Activity4Trial3Camera2/2018-07-09T12_06_27.845965.png"
0489_S09_A05_T02_C1_F000018.png,S09,5,T02,C1,18,1.02,"/scratch/21376026/UPFall/Subject9/Activity5/Trial2/Subject9Activity5Trial2Camera1/2018-07-09T12_07_22.604140.png"
0490_S09_A05_T03_C2_F000019.png,S09,5,T03,C2,19,1.028,"/scratch/21376026/UPFall/Subject9/Activity5/Trial3/Subject9Activity5Trial3Camera2/2018-07-09T12_07_41.282374.png"
0491_S09_A06_T01_C1_F000490.png,S09,6,T01,C1,490,27.521,"/scratch/21376026/UPFall/Subject9/Activity6/Trial1/Subject9Activity6Trial1Camera1/2018-07-09T12_08_56.081722.png"
0492_S09_A06_T01_C2_F000360.png,S09,6,T01,C2,360,20.123,"/scratch/21376026/UPFall/Subject9/Activity6/Trial1/Subject9Activity6Trial1Camera2/2018-07-09T12_08_48.683080.png"
0493_S09_A06_T02_C2_F000300.png,S09,6,T02,C2,300,16.504,"/scratch/21376026/UPFall/Subject9/Activity6/Trial2/Subject9Activity6Trial2Camera2/2018-07-09T12_09_49.396078.png"
0494_S09_A06_T03_C1_F001050.png,S09,6,T03,C1,1050,59.69,"/scratch/21376026/UPFall/Subject9/Activity6/Trial3/Subject9Activity6Trial3Camera1/2018-07-09T12_11_36.365121.png"
0495_S09_A07_T03_C1_F000840.png,S09,7,T03,C1,840,48.76,"/scratch/21376026/UPFall/Subject9/Activity7/Trial3/Subject9Activity7Trial3Camera1/2018-07-09T12_14_58.333519.png"
0496_S09_A07_T03_C2_F000600.png,S09,7,T03,C2,600,34.734,"/scratch/21376026/UPFall/Subject9/Activity7/Trial3/Subject9Activity7Trial3Camera2/2018-07-09T12_14_44.307135.png"
0497_S09_A08_T02_C1_F000027.png,S09,8,T02,C1,27,1.529,"/scratch/21376026/UPFall/Subject9/Activity8/Trial2/Subject9Activity8Trial2Camera1/2018-07-09T12_16_42.894595.png"
0498_S09_A08_T03_C2_F000017.png,S09,8,T03,C2,17,1.003,"/scratch/21376026/UPFall/Subject9/Activity8/Trial3/Subject9Activity8Trial3Camera2/2018-07-09T12_17_46.880605.png"
0499_S09_A09_T01_C2_F000090.png,S09,9,T01,C2,90,4.751,"/scratch/21376026/UPFall/Subject9/Activity9/Trial1/Subject9Activity9Trial1Camera2/2018-07-09T12_19_34.344579.png"
0500_S09_A09_T02_C1_F000030.png,S09,9,T02,C1,30,1.738,"/scratch/21376026/UPFall/Subject9/Activity9/Trial2/Subject9Activity9Trial2Camera1/2018-07-09T12_19_47.977681.png"
